domain,mode,param,head,class,support,predicted,precision,recall,f1,true_positive,false_positive,false_negative
CC,baseline,none,task,0,124893,112371,0.8056527039894634,0.724876494279103,0.7631330501045249,90532,21839,34361
CC,baseline,none,task,1,19302,24461,0.19643514165406156,0.24893793389286084,0.21959189269474214,4805,19656,14497
CC,baseline,none,task,2,26642,29357,0.30425452191981467,0.3352601156069364,0.31900569653029515,8932,20425,17710
CC,baseline,none,task,3,44855,49503,0.46338605741066197,0.5114034109909709,0.48621208588566944,22939,26564,21916
CC,baseline,none,social,0,13381,26014,0.3139463365879911,0.6103430236903071,0.41462114481533185,8167,17847,5214
CC,baseline,none,social,1,13735,7744,0.24612603305785125,0.1387695668001456,0.17747567391405558,1906,5838,11829
CC,baseline,none,social,2,60794,26818,0.6625400850175256,0.29226568411356385,0.4056065379171803,17768,9050,43026
CC,baseline,none,social,3,2700,3311,0.02476593174267593,0.03037037037037037,0.027283313924471805,82,3229,2618
CC,baseline,none,social,4,94006,120729,0.6519394677335189,0.8372657064442696,0.7330709944815703,78708,42021,15298
CC,logit_mean,3,task,0,124893,112420,0.8055950898416652,0.725140720456711,0.7632535933556105,90565,21855,34328
CC,logit_mean,3,task,1,19302,24448,0.19670320680628273,0.24914516630400996,0.21984,4809,19639,14493
CC,logit_mean,3,task,2,26642,29306,0.30444277622329896,0.33488476841077996,0.31893901479945663,8922,20384,17720
CC,logit_mean,3,task,3,44855,49518,0.46375055535360876,0.5119607624568052,0.486664618058131,22964,26554,21891
CC,logit_mean,3,social,0,13381,25962,0.3142284877898467,0.6096704282191167,0.4147116386650738,8158,17804,5223
CC,logit_mean,3,social,1,13735,7750,0.2472258064516129,0.13949763378230798,0.1783569932511054,1916,5834,11819
CC,logit_mean,3,social,2,60794,26846,0.662556805483126,0.29257821495542324,0.40591054313099045,17787,9059,43007
CC,logit_mean,3,social,3,2700,3294,0.024893746205221615,0.03037037037037037,0.027360694027360695,82,3212,2618
CC,logit_mean,3,social,4,94006,120764,0.6519326951740585,0.8374997340595282,0.733156399869628,78730,42034,15276
CC,prob_mean,3,task,0,124893,112421,0.8055701336938829,0.7251247067489771,0.7632335218318347,90563,21858,34330
CC,prob_mean,3,task,1,19302,24431,0.19675821701936064,0.2490415500984354,0.21983399263713901,4807,19624,14495
CC,prob_mean,3,task,2,26642,29318,0.30448871000750394,0.3350724420088582,0.31904932094353106,8927,20391,17715
CC,prob_mean,3,task,3,44855,49522,0.46371309720932113,0.5119607624568052,0.4866439916505081,22964,26558,21891
CC,prob_mean,3,social,0,13381,25977,0.3141240327982446,0.6098198938793812,0.4146552162203364,8160,17817,5221
CC,prob_mean,3,social,1,13735,7748,0.24703149199793495,0.1393520203858755,0.1781874039938556,1914,5834,11821
CC,prob_mean,3,social,2,60794,26842,0.6624692645853513,0.2924959699970392,0.4058149618878087,17782,9060,43012
CC,prob_mean,3,social,3,2700,3296,0.025182038834951456,0.030740740740740742,0.027685123415610406,83,3213,2617
CC,prob_mean,3,social,4,94006,120753,0.652000364380181,0.8375103716784035,0.733203265055248,78731,42022,15275
CC,label_majority,3,task,0,124893,112412,0.8055901505177383,0.7250846724796426,0.7632203282695267,90558,21854,34335
CC,label_majority,3,task,1,19302,24436,0.1965133409723359,0.24878250958449902,0.2195802277196031,4802,19634,14500
CC,label_majority,3,task,2,26642,29323,0.30436858438768205,0.3349973725696269,0.3189493433395873,8925,20398,17717
CC,label_majority,3,task,3,44855,49521,0.46345994628541426,0.5116709396945714,0.4863736543188947,22951,26570,21904
CC,label_majority,3,social,0,13381,26022,0.3138498193835985,0.6103430236903071,0.41453696419054387,8167,17855,5214
CC,label_majority,3,social,1,13735,7750,0.24670967741935484,0.13920640698944303,0.17798464044682338,1912,5838,11823
CC,label_majority,3,social,2,60794,26815,0.6628006712660824,0.2923479290719479,0.40573457064913426,17773,9042,43021
CC,label_majority,3,social,3,2700,3279,0.024702653247941447,0.03,0.027094831911690917,81,3198,2619
CC,label_majority,3,social,4,94006,120750,0.6519337474120083,0.8374039954896496,0.733120378476038,78721,42029,15285
CC,logit_mean,5,task,0,124893,112444,0.8056187969122408,0.725316871241783,0.7633618019946322,90587,21857,34306
CC,logit_mean,5,task,1,19302,24431,0.19708566984568784,0.2494560149207336,0.22019984908421558,4815,19616,14487
CC,logit_mean,5,task,2,26642,29292,0.304110337293459,0.33435928233616097,0.3185182536560947,8908,20384,17734
CC,logit_mean,5,task,3,44855,49525,0.4637253912165573,0.512005350574072,0.4866709048527231,22966,26559,21889
CC,logit_mean,5,social,0,13381,25934,0.3148762242615871,0.6102682908601749,0.41541396413582604,8166,17768,5215
CC,logit_mean,5,social,1,13735,7783,0.2474624180907105,0.14022570076447033,0.17901291941630262,1926,5857,11809
CC,logit_mean,5,social,2,60794,26809,0.6628744078481107,0.29231503108859425,0.4057166991997991,17771,9038,43023
CC,logit_mean,5,social,3,2700,3268,0.023255813953488372,0.028148148148148148,0.02546916890080429,76,3192,2624
CC,logit_mean,5,social,4,94006,120822,0.6519839102150271,0.8379677892900453,0.7333680898206938,78774,42048,15232
CC,prob_mean,5,task,0,124893,112446,0.8056489337104032,0.7253569055111175,0.7633975031495036,90592,21854,34301
CC,prob_mean,5,task,1,19302,24416,0.197206749672346,0.2494560149207336,0.22027540143647925,4815,19601,14487
CC,prob_mean,5,task,2,26642,29306,0.3041015491708183,0.3345094212146235,0.3185815400014299,8912,20394,17730
CC,prob_mean,5,task,3,44855,49524,0.4638962927065665,0.512183703043139,0.48684559065046246,22974,26550,21881
CC,prob_mean,5,social,0,13381,25946,0.31480767748400523,0.6104177565204394,0.4153889185546825,8168,17778,5213
CC,prob_mean,5,social,1,13735,7788,0.2473035439137134,0.14022570076447033,0.17897133299261253,1926,5862,11809
CC,prob_mean,5,social,2,60794,26805,0.6630479388173848,0.2923479290719479,0.4057808879096793,17773,9032,43021
CC,prob_mean,5,social,3,2700,3267,0.023262932353841446,0.028148148148148148,0.02547343723814312,76,3191,2624
CC,prob_mean,5,social,4,94006,120810,0.6520403940071187,0.8379571516711699,0.7333997467600178,78773,42037,15233
CC,label_majority,5,task,0,124893,112404,0.8056385893740436,0.7250766656257757,0.7632376304799471,90557,21847,34336
CC,label_majority,5,task,1,19302,24424,0.19632328856862102,0.24841985286498808,0.21932031285733888,4795,19629,14507
CC,label_majority,5,task,2,26642,29329,0.3041017423028402,0.334772164251933,0.3187007557485126,8919,20410,17723
CC,label_majority,5,task,3,44855,49535,0.463490461289997,0.5118492921636384,0.48647102447293145,22959,26576,21896
CC,label_majority,5,social,0,13381,26018,0.313974940425859,0.6104924893505717,0.4146805756491282,8169,17849,5212
CC,label_majority,5,social,1,13735,7755,0.24745325596389425,0.13971605387695668,0.17859469520707302,1919,5836,11816
CC,label_majority,5,social,2,60794,26819,0.6631119728550654,0.2925288679803928,0.405967150993574,17784,9035,43010
CC,label_majority,5,social,3,2700,3283,0.02436795613767895,0.02962962962962963,0.02674243690456293,80,3203,2620
CC,label_majority,5,social,4,94006,120741,0.6520982930404751,0.8375529221539051,0.7332814893805268,78735,42006,15271
CC,logit_mean,9,task,0,124893,112567,0.8057690086792755,0.7262456662903445,0.7639434009938516,90703,21864,34190
CC,logit_mean,9,task,1,19302,24320,0.19745065789473684,0.24878250958449902,0.22016413736188162,4802,19518,14500
CC,logit_mean,9,task,2,26642,29216,0.30428532311062434,0.33368365738307937,0.31830713595187804,8890,20326,17752
CC,logit_mean,9,task,3,44855,49589,0.46395369940914316,0.5129194069780404,0.48720935157341916,23007,26582,21848
CC,logit_mean,9,social,0,13381,25928,0.3146791113853749,0.6097451610492489,0.41512121905924854,8159,17769,5222
CC,logit_mean,9,social,1,13735,7735,0.24861021331609567,0.14000728066982163,0.17913367489520263,1923,5812,11812
CC,logit_mean,9,social,2,60794,26751,0.6636013606967964,0.29200250024673485,0.4055514306927865,17752,8999,43042
CC,logit_mean,9,social,3,2700,3229,0.022917311861257356,0.027407407407407408,0.024962050936076913,74,3155,2626
CC,logit_mean,9,social,4,94006,120973,0.6519140634687078,0.8389251749888305,0.7336902674214689,78864,42109,15142
CC,prob_mean,9,task,0,124893,112567,0.8057956594739133,0.7262696868519453,0.7639686684073107,90706,21861,34187
CC,prob_mean,9,task,1,19302,24286,0.19768590957753437,0.24873070148171175,0.22028998807011105,4801,19485,14501
CC,prob_mean,9,task,2,26642,29285,0.30421717602868364,0.3343968170557766,0.31859388130956423,8909,20376,17733
CC,prob_mean,9,task,3,44855,49554,0.4644428300439924,0.5130977594471073,0.48755944878136614,23015,26539,21840
CC,prob_mean,9,social,0,13381,25963,0.3145245156568964,0.6102682908601749,0.41510776738511596,8166,17797,5215
CC,prob_mean,9,social,1,13735,7734,0.24851305921903286,0.13993447397160538,0.17904886114863292,1922,5812,11813
CC,prob_mean,9,social,2,60794,26724,0.6638227810208053,0.29180511234661316,0.40540231723759684,17740,8984,43054
CC,prob_mean,9,social,3,2700,3232,0.022896039603960396,0.027407407407407408,0.024949426837491573,74,3158,2626
CC,prob_mean,9,social,4,94006,120963,0.6518935542273258,0.838829436418952,0.7336406644679001,78855,42108,15151
CC,label_majority,9,task,0,124893,112498,0.8056054329854753,0.7256531591041931,0.7635420045410314,90629,21869,34264
CC,label_majority,9,task,1,19302,24327,0.19694166974966087,0.248212620453839,0.21962456164477756,4791,19536,14511
CC,label_majority,9,task,2,26642,29297,0.3037171041403557,0.3339839351400045,0.31813225120220245,8898,20399,17744
CC,label_majority,9,task,3,44855,49570,0.46352632640710106,0.5122505852190391,0.4866719618745036,22977,26593,21878
CC,label_majority,9,social,0,13381,26037,0.31378423013404,0.610567222180704,0.41453143234055506,8170,17867,5211
CC,label_majority,9,social,1,13735,7725,0.24815533980582524,0.13957044048052422,0.17865796831314074,1917,5808,11818
CC,label_majority,9,social,2,60794,26802,0.663644504141482,0.29257821495542324,0.40611443444906165,17787,9015,43007
CC,label_majority,9,social,3,2700,3231,0.024450634478489632,0.02925925925925926,0.026639689765638172,79,3152,2621
CC,label_majority,9,social,4,94006,120821,0.6521548406320093,0.8381805416675532,0.7335576999166771,78794,42027,15212
CC,logit_mean,15,task,0,124893,112773,0.8060439998935915,0.7278230165021258,0.7649390320870465,90900,21873,33993
CC,logit_mean,15,task,1,19302,24180,0.19793217535153018,0.2479535799399026,0.22013706821213375,4786,19394,14516
CC,logit_mean,15,task,2,26642,29120,0.30470467032967036,0.3330455671496134,0.31824540009325347,8873,20247,17769
CC,logit_mean,15,task,3,44855,49619,0.46423748967129524,0.5135436406197749,0.48764739505049004,23035,26584,21820
CC,logit_mean,15,social,0,13381,25901,0.3152774024168951,0.6102682908601749,0.4157629448602413,8166,17735,5215
CC,logit_mean,15,social,1,13735,7642,0.2516356974613975,0.14000728066982163,0.17991299059737098,1923,5719,11812
CC,logit_mean,15,social,2,60794,26499,0.6642514811879694,0.28953515149521336,0.4032854868087934,17602,8897,43192
CC,logit_mean,15,social,3,2700,3125,0.024,0.027777777777777776,0.02575107296137339,75,3050,2625
CC,logit_mean,15,social,4,94006,121449,0.651277490963285,0.8414037401867965,0.7342322062611683,79097,42352,14909
CC,prob_mean,15,task,0,124893,112767,0.806007076538349,0.7277509548173237,0.764882605402676,90891,21876,34002
CC,prob_mean,15,task,1,19302,24117,0.19853215574076377,0.24805719614547717,0.22054860775236648,4788,19329,14514
CC,prob_mean,15,task,2,26642,29243,0.3043121430769757,0.33402146985962017,0.3184754406370225,8899,20344,17743
CC,prob_mean,15,task,3,44855,49565,0.46456168667406433,0.5133429940920745,0.4877356492268587,23026,26539,21829
CC,prob_mean,15,social,0,13381,25979,0.3146387466800108,0.6108661535012331,0.41534552845528455,8174,17805,5207
CC,prob_mean,15,social,1,13735,7633,0.25114633826804666,0.13957044048052422,0.17942718083114936,1917,5716,11818
CC,prob_mean,15,social,2,60794,26462,0.6647645680598594,0.2893542125867684,0.40320436416979916,17591,8871,43203
CC,prob_mean,15,social,3,2700,3120,0.02403846153846154,0.027777777777777776,0.025773195876288662,75,3045,2625
CC,prob_mean,15,social,4,94006,121422,0.6513481906079623,0.8413080016169181,0.7342406743784465,79088,42334,14918
CC,label_majority,15,task,0,124893,112627,0.8055706003001056,0.7264538444908842,0.763969349949478,90729,21898,34164
CC,label_majority,15,task,1,19302,24272,0.19722313777191827,0.24800538804268987,0.21971818056639283,4787,19485,14515
CC,label_majority,15,task,2,26642,29227,0.30410237109522015,0.33360858794384807,0.31817286867493605,8888,20339,17754
CC,label_majority,15,task,3,44855,49566,0.4629383044829117,0.5115594694014045,0.4860359453935036,22946,26620,21909
CC,label_majority,15,social,0,13381,26078,0.31306081754735793,0.6101188251999103,0.4137965990014952,8164,17914,5217
CC,label_majority,15,social,1,13735,7652,0.25196027182435965,0.14037131416090282,0.18029644176368823,1928,5724,11807
CC,label_majority,15,social,2,60794,26604,0.6639978950533755,0.2905714379708524,0.40424266001510334,17665,8939,43129
CC,label_majority,15,social,3,2700,3147,0.02542103590721322,0.02962962962962963,0.02736446040704635,80,3067,2620
CC,label_majority,15,social,4,94006,121135,0.6516943905559912,0.8397655468799864,0.7338722047401471,78943,42192,15063
CC,logit_mean,31,task,0,124893,113243,0.8073699919641832,0.7320586421977212,0.7678721402895825,91429,21814,33464
CC,logit_mean,31,task,1,19302,23602,0.20036437590034742,0.24500051808102788,0.2204456460936043,4729,18873,14573
CC,logit_mean,31,task,2,26642,28993,0.3059014244817715,0.3328954282711508,0.3188280758515323,8869,20124,17773
CC,logit_mean,31,task,3,44855,49854,0.4666225378104064,0.5186266859881842,0.4912521513266955,23263,26591,21592
CC,logit_mean,31,social,0,13381,25601,0.3194797078239131,0.6112398176518945,0.419629572623262,8179,17422,5202
CC,logit_mean,31,social,1,13735,7524,0.2555821371610845,0.14000728066982163,0.18091161390469918,1923,5601,11812
CC,logit_mean,31,social,2,60794,25996,0.6681797199569165,0.2857189854261934,0.40027652955409615,17370,8626,43424
CC,logit_mean,31,social,3,2700,2899,0.023801310796826493,0.025555555555555557,0.024647258439006968,69,2830,2631
CC,logit_mean,31,social,4,94006,122596,0.6499641097588829,0.8476373848477756,0.7357549791784009,79683,42913,14323
CC,prob_mean,31,task,0,124893,113242,0.8070768796029741,0.7317864091662463,0.7675898125013123,91395,21847,33498
CC,prob_mean,31,task,1,19302,23409,0.20090563458498867,0.2436535074085587,0.22022429819016176,4703,18706,14599
CC,prob_mean,31,task,2,26642,29275,0.3044918872758326,0.3345844906538548,0.31882969401076594,8914,20361,17728
CC,prob_mean,31,task,3,44855,49766,0.46692520998271914,0.5180470404637164,0.49115946777142494,23237,26529,21618
CC,prob_mean,31,social,0,13381,25792,0.3181218982630273,0.6131828712353337,0.4189109846067444,8205,17587,5176
CC,prob_mean,31,social,1,13735,7524,0.2551834130781499,0.13978886057517292,0.18062938049767158,1920,5604,11815
CC,prob_mean,31,social,2,60794,25851,0.6693358090596109,0.28461690298384706,0.3993998499624906,17303,8548,43491
CC,prob_mean,31,social,3,2700,2910,0.02336769759450172,0.025185185185185185,0.02424242424242424,68,2842,2632
CC,prob_mean,31,social,4,94006,122539,0.6501358751091489,0.8474671829457694,0.7358008727978018,79667,42872,14339
CC,label_majority,31,task,0,124893,113071,0.805626553227618,0.7293683392984395,0.7656032004841068,91093,21978,33800
CC,label_majority,31,task,1,19302,23780,0.20058873002523128,0.2471246502953062,0.22143818764217074,4770,19010,14532
CC,label_majority,31,task,2,26642,29288,0.302649549303469,0.3327077546730726,0.3169676381190774,8864,20424,17778
CC,label_majority,31,task,3,44855,49553,0.4644522026920671,0.5130977594471073,0.48756461316837557,23015,26538,21840
CC,label_majority,31,social,0,13381,25901,0.31357862630786454,0.6069800463343547,0.4135227330583982,8122,17779,5259
CC,label_majority,31,social,1,13735,7618,0.25452874770280914,0.1411721878412814,0.1816138247553037,1939,5679,11796
CC,label_majority,31,social,2,60794,26292,0.6642705005324814,0.28728163963549036,0.4010977654272788,17465,8827,43329
CC,label_majority,31,social,3,2700,2925,0.023247863247863248,0.025185185185185185,0.024177777777777774,68,2857,2632
CC,label_majority,31,social,4,94006,121880,0.6509763702001969,0.843999319192392,0.7350268197104027,79341,42539,14665
CC,logit_mean,61,task,0,124893,114030,0.8094624221696045,0.7390566324774006,0.7726589738116464,92303,21727,32590
CC,logit_mean,61,task,1,19302,22907,0.20312568210590648,0.2410631022691949,0.22047430642753915,4653,18254,14649
CC,logit_mean,61,task,2,26642,28732,0.3057566476402617,0.32974251182343667,0.3172969263553292,8785,19947,17857
CC,logit_mean,61,task,3,44855,50023,0.4731223637126922,0.5276334856760674,0.49889331562638334,23667,26356,21188
CC,logit_mean,61,social,0,13381,25409,0.3253965130465583,0.6178910395336671,0.4262954369682908,8268,17141,5113
CC,logit_mean,61,social,1,13735,7330,0.2607094133697135,0.1391336002912268,0.18143840493709945,1911,5419,11824
CC,logit_mean,61,social,2,60794,25311,0.6766228122160326,0.2817054314570517,0.39779339178909473,17126,8185,43668
CC,logit_mean,61,social,3,2700,2596,0.031972265023112484,0.030740740740740742,0.03134441087613293,83,2513,2617
CC,logit_mean,61,social,4,94006,123970,0.6478906186980721,0.8544029104525243,0.7369526920394907,80319,43651,13687
CC,prob_mean,61,task,0,124893,113971,0.8092672697440577,0.738496152706717,0.7722637149172752,92233,21738,32660
CC,prob_mean,61,task,1,19302,22452,0.2048369855692143,0.238265464718682,0.22029027159074582,4599,17853,14703
CC,prob_mean,61,task,2,26642,29323,0.3027998499471405,0.33327077546730727,0.31730545876887345,8879,20444,17763
CC,prob_mean,61,task,3,44855,49946,0.4725703760060866,0.5262066659235314,0.4979483338783346,23603,26343,21252
CC,prob_mean,61,social,0,13381,25638,0.3227630860441532,0.618414169344593,0.42415233604141567,8275,17363,5106
CC,prob_mean,61,social,1,13735,7326,0.2590772590772591,0.13818711321441574,0.18023835525378665,1898,5428,11837
CC,prob_mean,61,social,2,60794,25157,0.6778630202329372,0.28050465506464456,0.3968074833335273,17053,8104,43741
CC,prob_mean,61,social,3,2700,2624,0.03048780487804878,0.02962962962962963,0.03005259203606311,80,2544,2620
CC,prob_mean,61,social,4,94006,123871,0.6481420187130159,0.8540518690296364,0.7369846289420177,80286,43585,13720
CC,label_majority,61,task,0,124893,114116,0.8081513547618213,0.7384160841680478,0.7717115255074076,92223,21893,32670
CC,label_majority,61,task,1,19302,22559,0.19770379892725742,0.23106413843125065,0.2130861661212107,4460,18099,14842
CC,label_majority,61,task,2,26642,29160,0.2996227709190672,0.3279408452818857,0.3131428981040106,8737,20423,17905
CC,label_majority,61,task,3,44855,49857,0.465912509777965,0.5178686879946495,0.49051862488385845,23229,26628,21626
CC,label_majority,61,social,0,13381,25708,0.31776100824646025,0.6104924893505717,0.41796924966102994,8169,17539,5212
CC,label_majority,61,social,1,13735,7218,0.26226101413133834,0.13782307972333455,0.1806901159738462,1893,5325,11842
CC,label_majority,61,social,2,60794,25734,0.6734281495298049,0.28506102575912096,0.4005639792899408,17330,8404,43464
CC,label_majority,61,social,3,2700,2815,0.02557726465364121,0.02666666666666667,0.026110607434270173,72,2743,2628
CC,label_majority,61,social,4,94006,123141,0.6497673398786756,0.8511477990766547,0.7369477819173187,80013,43128,13993
CC,logit_mean,121,task,0,124893,115971,0.8117287942675324,0.7537412024693138,0.7816610203268234,94137,21834,30756
CC,logit_mean,121,task,1,19302,21448,0.21372622155911974,0.23748834317687287,0.22498159509202453,4584,16864,14718
CC,logit_mean,121,task,2,26642,27613,0.3147430558070474,0.3262142481795661,0.3203760022117777,8691,18922,17951
CC,logit_mean,121,task,3,44855,50660,0.4796683774180813,0.5417456247909932,0.5088206040935979,24300,26360,20555
CC,logit_mean,121,social,0,13381,24743,0.34001535787899606,0.6287272999028474,0.4413492812926241,8413,16330,4968
CC,logit_mean,121,social,1,13735,7323,0.25740816605216443,0.13724062613760465,0.17902934751638333,1885,5438,11850
CC,logit_mean,121,social,2,60794,24719,0.7002710465633724,0.28473204592558476,0.40485072445125303,17310,7409,43484
CC,logit_mean,121,social,3,2700,2298,0.05134899912967798,0.0437037037037037,0.04721888755502201,118,2180,2582
CC,logit_mean,121,social,4,94006,125533,0.6490723554762493,0.8667531859668531,0.7422826923690098,81480,44053,12526
CC,prob_mean,121,task,0,124893,115967,0.811308389455621,0.7533248460682344,0.7812422153948352,94085,21882,30808
CC,prob_mean,121,task,1,19302,20686,0.2204389442134777,0.23624494870997825,0.22806842052615783,4560,16126,14742
CC,prob_mean,121,task,2,26642,28589,0.31501626499702684,0.3380376848584941,0.32612120005069617,9006,19583,17636
CC,prob_mean,121,task,3,44855,50450,0.48186323092170463,0.541968565377327,0.5101516184880122,24310,26140,20545
CC,prob_mean,121,social,0,13381,25264,0.3332805573147562,0.6292504297137732,0.4357614180359684,8420,16844,4961
CC,prob_mean,121,social,1,13735,7296,0.25753837719298245,0.13680378594830725,0.17868860253910895,1879,5417,11856
CC,prob_mean,121,social,2,60794,24431,0.7034096025541321,0.2826759219659835,0.40328542094455855,17185,7246,43609
CC,prob_mean,121,social,3,2700,2360,0.050423728813559325,0.04407407407407407,0.047035573122529636,119,2241,2581
CC,prob_mean,121,social,4,94006,125265,0.650101784217459,0.8662744931174606,0.7427794829229583,81435,43830,12571
CC,label_majority,121,task,0,124893,116107,0.8112000137803922,0.7541335383087924,0.7816265560165976,94186,21921,30707
CC,label_majority,121,task,1,19302,20602,0.21852247354625765,0.23324007874831623,0.22564153969526865,4502,16100,14800
CC,label_majority,121,task,2,26642,28830,0.30683315990287896,0.33203212971999096,0.31893567926160943,8846,19984,17796
CC,label_majority,121,task,3,44855,50153,0.47211532709907683,0.5278787203210344,0.49844223644324687,23678,26475,21177
CC,label_majority,121,social,0,13381,25177,0.3265678992731461,0.6144533293475823,0.4264744021992842,8222,16955,5159
CC,label_majority,121,social,1,13735,7017,0.26507054296707994,0.13542045868219876,0.1792598303777949,1860,5157,11875
CC,label_majority,121,social,2,60794,24902,0.6890209621717132,0.2822317991907096,0.4004387602688574,17158,7744,43636
CC,label_majority,121,social,3,2700,2624,0.0430640243902439,0.04185185185185185,0.04244928625093914,113,2511,2587
CC,label_majority,121,social,4,94006,124896,0.6495404176274661,0.8629768312660894,0.7411992581155038,81125,43771,12881
CC,logit_ema,0.15,task,0,124893,112869,0.8068114362668226,0.729136140536299,0.7660097071861778,91064,21805,33829
CC,logit_ema,0.15,task,1,19302,24025,0.19758584807492197,0.24593306393119885,0.2191243335564429,4747,19278,14555
CC,logit_ema,0.15,task,2,26642,29043,0.3048583135351031,0.33233240747691617,0.3180030528867738,8854,20189,17788
CC,logit_ema,0.15,task,3,44855,49755,0.46453622751482265,0.515282577193178,0.48859528591058027,23113,26642,21742
CC,logit_ema,0.15,social,0,13381,25853,0.3162882450779407,0.61109035199163,0.41683233929754804,8177,17676,5204
CC,logit_ema,0.15,social,1,13735,7627,0.2510816834928543,0.13942482708409173,0.17929032862091565,1915,5712,11820
CC,logit_ema,0.15,social,2,60794,26388,0.6655297862664847,0.2888771918281409,0.40288132871464294,17562,8826,43232
CC,logit_ema,0.15,social,3,2700,3091,0.023940472339048852,0.027407407407407408,0.025556898635814198,74,3017,2626
CC,logit_ema,0.15,social,4,94006,121657,0.6507147143197679,0.8421164606514477,0.7341454027811911,79164,42493,14842
CC,logit_ema,0.25,task,0,124893,112610,0.8061806233904627,0.7268942214535643,0.7644871854250262,90784,21826,34109
CC,logit_ema,0.25,task,1,19302,24280,0.19686985172981877,0.24764273132317893,0.21935661511633242,4780,19500,14522
CC,logit_ema,0.25,task,2,26642,29148,0.3052010429532043,0.3339088657007732,0.3189101989603872,8896,20252,17746
CC,logit_ema,0.25,task,3,44855,49654,0.4640512345430378,0.5136996990302084,0.4876149361436477,23042,26612,21813
CC,logit_ema,0.25,social,0,13381,25926,0.3154748129291059,0.6112398176518945,0.4161599715063475,8179,17747,5202
CC,logit_ema,0.25,social,1,13735,7730,0.24760672703751618,0.1393520203858755,0.17833682739343118,1914,5816,11821
CC,logit_ema,0.25,social,2,60794,26674,0.6642048436679913,0.2914267855380465,0.40510815383911825,17717,8957,43077
CC,logit_ema,0.25,social,3,2700,3223,0.023890784982935155,0.02851851851851852,0.026000337666722943,77,3146,2623
CC,logit_ema,0.25,social,4,94006,121063,0.651693746231301,0.839265578792843,0.733680818713994,78896,42167,15110
CC,logit_ema,0.4,task,0,124893,112510,0.8056972713536574,0.7258132961815313,0.7636718996811328,90649,21861,34244
CC,logit_ema,0.4,task,1,19302,24398,0.19698335929174524,0.2489897419956481,0.219954233409611,4806,19592,14496
CC,logit_ema,0.4,task,2,26642,29244,0.30457529749692247,0.3343217476165453,0.3187560390795548,8907,20337,17735
CC,logit_ema,0.4,task,3,44855,49540,0.4638272103350828,0.5122728792776725,0.4868478203294666,22978,26562,21877
CC,logit_ema,0.4,social,0,13381,25908,0.31515362050331946,0.6101935580300426,0.4156379648247602,8165,17743,5216
CC,logit_ema,0.4,social,1,13735,7755,0.24771115409413283,0.13986166727338914,0.17878082829222894,1921,5834,11814
CC,logit_ema,0.4,social,2,60794,26777,0.6635918885610785,0.29228213310524065,0.4058192780715077,17769,9008,43025
CC,logit_ema,0.4,social,3,2700,3270,0.022629969418960245,0.027407407407407408,0.02479061976549414,74,3196,2626
CC,logit_ema,0.4,social,4,94006,120906,0.6518700478057334,0.8384039316639363,0.7334629988088147,78815,42091,15191
CC,logit_ema,0.6,task,0,124893,112408,0.8057522596256494,0.7252047752876463,0.7633596150037295,90573,21835,34320
CC,logit_ema,0.6,task,1,19302,24468,0.19658329246362596,0.24919697440679722,0.2197852410326708,4810,19658,14492
CC,logit_ema,0.6,task,2,26642,29299,0.3043107273285778,0.3346595600930861,0.3187644125060332,8916,20383,17726
CC,logit_ema,0.6,task,3,44855,49517,0.463537774905588,0.5117155278118382,0.4864366549400246,22953,26564,21902
CC,logit_ema,0.6,social,0,13381,25965,0.314423262083574,0.6101188251999103,0.41498500482895334,8164,17801,5217
CC,logit_ema,0.6,social,1,13735,7740,0.24754521963824289,0.13949763378230798,0.17844004656577417,1916,5824,11819
CC,logit_ema,0.6,social,2,60794,26792,0.6625858465213497,0.29200250024673485,0.4053615874683169,17752,9040,43042
CC,logit_ema,0.6,social,3,2700,3299,0.024249772658381328,0.02962962962962963,0.02667111185197533,80,3219,2620
CC,logit_ema,0.6,social,4,94006,120820,0.6518374441317663,0.8377656745314129,0.7331980300336086,78755,42065,15251
CC,hysteresis,0.25,task,0,124893,112798,0.8074167981701803,0.7292242159288351,0.7663310769023648,91075,21723,33818
CC,hysteresis,0.25,task,1,19302,24008,0.19481006331222925,0.24230649673608953,0.2159778342184253,4677,19331,14625
CC,hysteresis,0.25,task,2,26642,29091,0.3055584201299371,0.3336461226634637,0.318985161394506,8889,20202,17753
CC,hysteresis,0.25,task,3,44855,49795,0.468440606486595,0.5200312116820868,0.49288959323824616,23326,26469,21529
CC,hysteresis,0.25,social,0,13381,26017,0.31460199100588077,0.6116882146326882,0.4155033250418803,8185,17832,5196
CC,hysteresis,0.25,social,1,13735,7626,0.2513768686073958,0.13957044048052422,0.1794859791208277,1917,5709,11818
CC,hysteresis,0.25,social,2,60794,26327,0.6633494131499981,0.28726519064381356,0.4009136717898096,17464,8863,43330
CC,hysteresis,0.25,social,3,2700,3188,0.018820577164366373,0.022222222222222223,0.020380434782608692,60,3128,2640
CC,hysteresis,0.25,social,4,94006,121458,0.6499283703008447,0.8397229964044848,0.7327349348383023,78939,42519,15067
CC,hysteresis,0.5,task,0,124893,113997,0.8082581120555804,0.7377435084432274,0.7713926911967852,92139,21858,32754
CC,hysteresis,0.5,task,1,19302,23580,0.19681933842239185,0.2404414050357476,0.21645445641527913,4641,18939,14661
CC,hysteresis,0.5,task,2,26642,28824,0.3109214543436026,0.33638615719540577,0.32315292251108785,8962,19862,17680
CC,hysteresis,0.5,task,3,44855,49291,0.47414335274187985,0.5210344443205885,0.49648418413952794,23371,25920,21484
CC,hysteresis,0.5,social,0,13381,25648,0.31710074859638177,0.6078021074658098,0.4167670193958339,8133,17515,5248
CC,hysteresis,0.5,social,1,13735,7487,0.2512354748230266,0.1369493993447397,0.17726887192536048,1881,5606,11854
CC,hysteresis,0.5,social,2,60794,26485,0.6698886161978478,0.29183801032996676,0.4065582786237239,17742,8743,43052
CC,hysteresis,0.5,social,3,2700,3171,0.027436140018921477,0.03222222222222222,0.029637199795605522,87,3084,2613
CC,hysteresis,0.5,social,4,94006,121825,0.6507695464806075,0.8433504244409932,0.7346488687908596,79280,42545,14726
CC,hysteresis,1.0,task,0,124893,118187,0.8062561872287138,0.7629650981239942,0.7840134935000823,95289,22898,29604
CC,hysteresis,1.0,task,1,19302,19488,0.24250821018062396,0.24484509377266606,0.2436710492394947,4726,14762,14576
CC,hysteresis,1.0,task,2,26642,28598,0.32100146863417023,0.34456872607161626,0.332367849384504,9180,19418,17462
CC,hysteresis,1.0,task,3,44855,49419,0.4797547501972925,0.528569836138669,0.5029806733563867,23709,25710,21146
CC,hysteresis,1.0,social,0,13381,24714,0.3390386016023307,0.6261863836783499,0.43990024937655864,8379,16335,5002
CC,hysteresis,1.0,social,1,13735,7547,0.2525506823903538,0.1387695668001456,0.1791185039000094,1906,5641,11829
CC,hysteresis,1.0,social,2,60794,25606,0.693821760524877,0.2922327861302102,0.41125,17766,7840,43028
CC,hysteresis,1.0,social,3,2700,2643,0.06432084752175558,0.06296296296296296,0.06363466217480815,170,2473,2530
CC,hysteresis,1.0,social,4,94006,124106,0.6534011248448907,0.862615152224326,0.7435721097417841,81091,43015,12915
CR,baseline,none,task,0,47407,47975,0.8060865033871808,0.8157445103043854,0.8108867501205679,38672,9303,8735
CR,baseline,none,task,1,4384,2038,0.3886162904808636,0.18065693430656934,0.24665213329180943,792,1246,3592
CR,baseline,none,task,2,1298,4332,0.1458910433979686,0.4869029275808937,0.2245115452930728,632,3700,666
CR,baseline,none,task,3,12257,11001,0.33078811017180254,0.29689157216284573,0.3129245850890016,3639,7362,8618
CR,baseline,none,social,0,954,9894,0.03951890034364261,0.40985324947589097,0.07208702064896755,391,9503,563
CR,baseline,none,social,1,3077,1165,0.5982832618025751,0.2265193370165746,0.3286185761433286,697,468,2380
CR,baseline,none,social,2,11812,6236,0.8062860808210391,0.4256688113782594,0.5571808510638299,5028,1208,6784
CR,baseline,none,social,3,1452,0,nan,0.0,nan,0,0,1452
CR,baseline,none,social,4,0,0,nan,nan,nan,0,0,0
CR,logit_mean,3,task,0,47407,48137,0.8056796227434199,0.8180859366760183,0.8118353847442016,38783,9354,8624
CR,logit_mean,3,task,1,4384,2012,0.38866799204771374,0.17837591240875914,0.24452782989368355,782,1230,3602
CR,logit_mean,3,task,2,1298,4291,0.14611978559776276,0.4830508474576271,0.22436929683306495,627,3664,671
CR,logit_mean,3,task,3,12257,10906,0.3327526132404181,0.2960757118381333,0.31334455813150286,3629,7277,8628
CR,logit_mean,3,social,0,954,9948,0.039404905508644957,0.4109014675052411,0.0719134103834159,392,9556,562
CR,logit_mean,3,social,1,3077,1155,0.5991341991341992,0.22489437764055897,0.3270321361058601,692,463,2385
CR,logit_mean,3,social,2,11812,6192,0.8053940568475452,0.42219776498476125,0.5539880026660741,4987,1205,6825
CR,logit_mean,3,social,3,1452,0,nan,0.0,nan,0,0,1452
CR,logit_mean,3,social,4,0,0,nan,nan,nan,0,0,0
CR,prob_mean,3,task,0,47407,48115,0.805777823963421,0.8178117155694307,0.8117501727350768,38770,9345,8637
CR,prob_mean,3,task,1,4384,2020,0.38811881188118813,0.17883211678832117,0.2448469706433479,784,1236,3600
CR,prob_mean,3,task,2,1298,4291,0.14635283150780704,0.48382126348228044,0.22472714260153873,628,3663,670
CR,prob_mean,3,task,3,12257,10920,0.3326007326007326,0.29632046993554706,0.31341416059024035,3632,7288,8625
CR,prob_mean,3,social,0,954,9947,0.03940886699507389,0.4109014675052411,0.07192000733877625,392,9555,562
CR,prob_mean,3,social,1,3077,1154,0.5996533795493935,0.22489437764055897,0.3271094303947057,692,462,2385
CR,prob_mean,3,social,2,11812,6194,0.8052954472069745,0.42228242465289534,0.5540375430412086,4988,1206,6824
CR,prob_mean,3,social,3,1452,0,nan,0.0,nan,0,0,1452
CR,prob_mean,3,social,4,0,0,nan,nan,nan,0,0,0
CR,label_majority,3,task,0,47407,48143,0.8054961261242548,0.8180015609509145,0.8117006802721088,38779,9364,8628
CR,label_majority,3,task,1,4384,2010,0.3900497512437811,0.17883211678832117,0.24522990303409448,784,1226,3600
CR,label_majority,3,task,2,1298,4287,0.1464893865173781,0.48382126348228044,0.22488809310653535,628,3659,670
CR,label_majority,3,task,3,12257,10906,0.3328443058866679,0.2961572978706046,0.3134309027328066,3630,7276,8627
CR,label_majority,3,social,0,954,9940,0.039336016096579475,0.40985324947589097,0.07178263264182118,391,9549,563
CR,label_majority,3,social,1,3077,1156,0.5960207612456747,0.22391940201494961,0.3255374438932199,689,467,2388
CR,label_majority,3,social,2,11812,6199,0.8067430230682369,0.4233830003386387,0.5553272999833435,5001,1198,6811
CR,label_majority,3,social,3,1452,0,nan,0.0,nan,0,0,1452
CR,label_majority,3,social,4,0,0,nan,nan,nan,0,0,0
CR,logit_mean,5,task,0,47407,48273,0.8055849025335073,0.8203007994599953,0.812876254180602,38888,9385,8519
CR,logit_mean,5,task,1,4384,1990,0.38743718592964826,0.1758667883211679,0.2419203012237214,771,1219,3613
CR,logit_mean,5,task,2,1298,4249,0.14850553071310896,0.4861325115562404,0.22751036596358387,631,3618,667
CR,logit_mean,5,task,3,12257,10834,0.3341332841055935,0.29534143754589215,0.31354207266900525,3620,7214,8637
CR,logit_mean,5,social,0,954,9955,0.03937719738824711,0.4109014675052411,0.07186726556054633,392,9563,562
CR,logit_mean,5,social,1,3077,1155,0.6008658008658009,0.22554436139096523,0.3279773156899811,694,461,2383
CR,logit_mean,5,social,2,11812,6185,0.8075990299110751,0.4228750423298341,0.5550925154192365,4995,1190,6817
CR,logit_mean,5,social,3,1452,0,nan,0.0,nan,0,0,1452
CR,logit_mean,5,social,4,0,0,nan,nan,nan,0,0,0
CR,prob_mean,5,task,0,47407,48244,0.8057996849349142,0.8200265783534078,0.812850884988134,38875,9369,8532
CR,prob_mean,5,task,1,4384,1996,0.3897795591182365,0.17746350364963503,0.2438871473354232,778,1218,3606
CR,prob_mean,5,task,2,1298,4253,0.14860098753820833,0.4869029275808937,0.22770671950999824,632,3621,666
CR,prob_mean,5,task,3,12257,10853,0.33419331060536256,0.2959125397731908,0.31389009086975334,3627,7226,8630
CR,prob_mean,5,social,0,954,9955,0.03937719738824711,0.4109014675052411,0.07186726556054633,392,9563,562
CR,prob_mean,5,social,1,3077,1153,0.601040763226366,0.2252193695157621,0.3276595744680851,693,460,2384
CR,prob_mean,5,social,2,11812,6187,0.8070147082592533,0.42270572299356585,0.5548086004778043,4993,1194,6819
CR,prob_mean,5,social,3,1452,0,nan,0.0,nan,0,0,1452
CR,prob_mean,5,social,4,0,0,nan,nan,nan,0,0,0
CR,label_majority,5,task,0,47407,48284,0.8053185320188883,0.8202164237348915,0.8126992089120189,38884,9400,8523
CR,label_majority,5,task,1,4384,1991,0.3917629331993973,0.17791970802919707,0.2447058823529412,780,1211,3604
CR,label_majority,5,task,2,1298,4258,0.14772193518083607,0.48459167950693377,0.22642188624910006,629,3629,669
CR,label_majority,5,task,3,12257,10813,0.33394987515028207,0.294607163253651,0.3130472475075856,3611,7202,8646
CR,label_majority,5,social,0,954,9968,0.039225521669341894,0.40985324947589097,0.0715986083134957,391,9577,563
CR,label_majority,5,social,1,3077,1163,0.5975924333619949,0.22586935326616833,0.3278301886792453,695,468,2382
CR,label_majority,5,social,2,11812,6164,0.8062946138870863,0.42075855062648154,0.5529595015576324,4970,1194,6842
CR,label_majority,5,social,3,1452,0,nan,0.0,nan,0,0,1452
CR,label_majority,5,social,4,0,0,nan,nan,nan,0,0,0
CR,logit_mean,9,task,0,47407,48534,0.8058474471504512,0.8250047461345371,0.815313578136563,39111,9423,8296
CR,logit_mean,9,task,1,4384,1959,0.39714139867279225,0.17746350364963503,0.24530979032003783,778,1181,3606
CR,logit_mean,9,task,2,1298,4188,0.15090735434574976,0.4869029275808937,0.23040466642362376,632,3556,666
CR,logit_mean,9,task,3,12257,10665,0.3401781528363807,0.2959941258056621,0.3165517843120147,3628,7037,8629
CR,logit_mean,9,social,0,954,10019,0.03932528196426789,0.4129979035639413,0.07181263100337192,394,9625,560
CR,logit_mean,9,social,1,3077,1142,0.5980735551663747,0.2219694507637309,0.32377340602038396,683,459,2394
CR,logit_mean,9,social,2,11812,6134,0.806488425171177,0.41881137825939724,0.5513206285523237,4947,1187,6865
CR,logit_mean,9,social,3,1452,0,nan,0.0,nan,0,0,1452
CR,logit_mean,9,social,4,0,0,nan,nan,nan,0,0,0
CR,prob_mean,9,task,0,47407,48481,0.8061096099502898,0.8243719281962579,0.8151384949107291,39081,9400,8326
CR,prob_mean,9,task,1,4384,1977,0.3975720789074355,0.1792883211678832,0.24713095425247603,786,1191,3598
CR,prob_mean,9,task,2,1298,4177,0.15082595163993295,0.48536209553158705,0.23013698630136983,630,3547,668
CR,prob_mean,9,task,3,12257,10711,0.33955746428904865,0.29672840009790324,0.3167014977359805,3637,7074,8620
CR,prob_mean,9,social,0,954,10014,0.03934491711603755,0.4129979035639413,0.07184536834427425,394,9620,560
CR,prob_mean,9,social,1,3077,1139,0.5970149253731343,0.22099447513812154,0.3225806451612903,680,459,2397
CR,prob_mean,9,social,2,11812,6142,0.8060892217518724,0.4191500169319336,0.5515205525231146,4951,1191,6861
CR,prob_mean,9,social,3,1452,0,nan,0.0,nan,0,0,1452
CR,prob_mean,9,social,4,0,0,nan,nan,nan,0,0,0
CR,label_majority,9,task,0,47407,48486,0.8053252485253475,0.8236547345328749,0.8143868686974022,39047,9439,8360
CR,label_majority,9,task,1,4384,1968,0.39939024390243905,0.1792883211678832,0.24748110831234257,786,1182,3598
CR,label_majority,9,task,2,1298,4188,0.1497134670487106,0.4830508474576271,0.2285818446955888,627,3561,671
CR,label_majority,9,task,3,12257,10704,0.33763079222720477,0.2948519213510647,0.31479465180087973,3614,7090,8643
CR,label_majority,9,social,0,954,10023,0.03901027636436197,0.40985324947589097,0.0712398651726337,391,9632,563
CR,label_majority,9,social,1,3077,1151,0.5916594265855778,0.22131946701332467,0.32213812677388837,681,470,2396
CR,label_majority,9,social,2,11812,6121,0.8091815062898219,0.41931933626820184,0.5523894496180226,4953,1168,6859
CR,label_majority,9,social,3,1452,0,nan,0.0,nan,0,0,1452
CR,label_majority,9,social,4,0,0,nan,nan,nan,0,0,0
CR,logit_mean,15,task,0,47407,48901,0.8049937629087339,0.830362604678634,0.8174814137974,39365,9536,8042
CR,logit_mean,15,task,1,4384,1952,0.4067622950819672,0.18111313868613138,0.2506313131313131,794,1158,3590
CR,logit_mean,15,task,2,1298,4091,0.1576631630408213,0.49691833590138673,0.23937650770087215,645,3446,653
CR,logit_mean,15,task,3,12257,10402,0.3469525091328591,0.2944439911887085,0.3185489209585595,3609,6793,8648
CR,logit_mean,15,social,0,954,10065,0.03944361649279682,0.4161425576519916,0.07205735547690352,397,9668,557
CR,logit_mean,15,social,1,3077,1144,0.5996503496503497,0.22294442638934026,0.3250414593698176,686,458,2391
CR,logit_mean,15,social,2,11812,6086,0.8075911929017418,0.416102268879106,0.5492233769136217,4915,1171,6897
CR,logit_mean,15,social,3,1452,0,nan,0.0,nan,0,0,1452
CR,logit_mean,15,social,4,0,0,nan,nan,nan,0,0,0
CR,prob_mean,15,task,0,47407,48832,0.8054554390563565,0.8296665049465269,0.8173817267427966,39332,9500,8075
CR,prob_mean,15,task,1,4384,1975,0.40556962025316456,0.18270985401459855,0.25192640352256646,801,1174,3583
CR,prob_mean,15,task,2,1298,4077,0.15673289183222958,0.49229583975346686,0.2377674418604651,639,3438,659
CR,prob_mean,15,task,3,12257,10462,0.3472567386732938,0.2964020559680183,0.31982041463092564,3633,6829,8624
CR,prob_mean,15,social,0,954,10057,0.03937555931192204,0.41509433962264153,0.07192807192807192,396,9661,558
CR,prob_mean,15,social,1,3077,1141,0.5977212971078002,0.2216444588885278,0.3233760075865339,682,459,2395
CR,prob_mean,15,social,2,11812,6097,0.8071182548794489,0.4166102268879106,0.5495560891172036,4921,1176,6891
CR,prob_mean,15,social,3,1452,0,nan,0.0,nan,0,0,1452
CR,prob_mean,15,social,4,0,0,nan,nan,nan,0,0,0
CR,label_majority,15,task,0,47407,48848,0.803820013101867,0.8282532115510368,0.8158537218845774,39265,9583,8142
CR,label_majority,15,task,1,4384,1953,0.4065540194572453,0.18111313868613138,0.25059176266372096,794,1159,3590
CR,label_majority,15,task,2,1298,4063,0.15555008614324392,0.4869029275808937,0.2357769072934154,632,3431,666
CR,label_majority,15,task,3,12257,10482,0.34182407937416526,0.2923227543444562,0.3151413870442851,3583,6899,8674
CR,label_majority,15,social,0,954,10048,0.03951035031847134,0.4161425576519916,0.07216869660061807,397,9651,557
CR,label_majority,15,social,1,3077,1150,0.591304347826087,0.22099447513812154,0.3217411876035013,680,470,2397
CR,label_majority,15,social,2,11812,6097,0.8067902247006724,0.4164409075516424,0.5493327377296331,4919,1178,6893
CR,label_majority,15,social,3,1452,0,nan,0.0,nan,0,0,1452
CR,label_majority,15,social,4,0,0,nan,nan,nan,0,0,0
CR,logit_mean,31,task,0,47407,49963,0.8033945119388347,0.8467104014175122,0.8244839272876657,40140,9823,7267
CR,logit_mean,31,task,1,4384,1815,0.4297520661157025,0.17791970802919707,0.2516534924987901,780,1035,3604
CR,logit_mean,31,task,2,1298,3962,0.1686017163048965,0.514637904468413,0.2539923954372623,668,3294,630
CR,logit_mean,31,task,3,12257,9606,0.3621694774099521,0.28383780696744715,0.31825458537254725,3479,6127,8778
CR,logit_mean,31,social,0,954,10112,0.03896360759493671,0.4129979035639413,0.07120910898246882,394,9718,560
CR,logit_mean,31,social,1,3077,1139,0.6084284460052678,0.2252193695157621,0.3287476280834915,693,446,2384
CR,logit_mean,31,social,2,11812,6044,0.8115486432825944,0.415255672197765,0.5493951612903226,4905,1139,6907
CR,logit_mean,31,social,3,1452,0,nan,0.0,nan,0,0,1452
CR,logit_mean,31,social,4,0,0,nan,nan,nan,0,0,0
CR,prob_mean,31,task,0,47407,49744,0.8048407848182696,0.8445166325648111,0.8242015007565543,40036,9708,7371
CR,prob_mean,31,task,1,4384,1891,0.43204653622422,0.1863594890510949,0.26039840637450196,817,1074,3567
CR,prob_mean,31,task,2,1298,3930,0.16946564885496182,0.5130970724191063,0.25478194338179033,666,3264,632
CR,prob_mean,31,task,3,12257,9781,0.36192618341682853,0.28881455494819286,0.32126327252926756,3540,6241,8717
CR,prob_mean,31,social,0,954,10098,0.03891859774212715,0.4119496855345912,0.07111834961997827,393,9705,561
CR,prob_mean,31,social,1,3077,1144,0.6075174825174825,0.22586935326616833,0.3293058516939114,695,449,2382
CR,prob_mean,31,social,2,11812,6053,0.8093507351726417,0.4147477141889604,0.5484466834592779,4899,1154,6913
CR,prob_mean,31,social,3,1452,0,nan,0.0,nan,0,0,1452
CR,prob_mean,31,social,4,0,0,nan,nan,nan,0,0,0
CR,label_majority,31,task,0,47407,49425,0.8026100151745068,0.8367751597865294,0.8193365829477859,39669,9756,7738
CR,label_majority,31,task,1,4384,1839,0.421968461120174,0.177007299270073,0.24939739675397718,776,1063,3608
CR,label_majority,31,task,2,1298,3921,0.15990818668706963,0.4830508474576271,0.24027591492623113,627,3294,671
CR,label_majority,31,task,3,12257,10161,0.3513433717153823,0.2912621359223301,0.3184940672673744,3570,6591,8687
CR,label_majority,31,social,0,954,10140,0.039151873767258386,0.4161425576519916,0.07157021813592934,397,9743,557
CR,label_majority,31,social,1,3077,1127,0.6033717834960071,0.22099447513812154,0.3235014272121789,680,447,2397
CR,label_majority,31,social,2,11812,6028,0.8083941605839416,0.41254656281747376,0.5463004484304933,4873,1155,6939
CR,label_majority,31,social,3,1452,0,nan,0.0,nan,0,0,1452
CR,label_majority,31,social,4,0,0,nan,nan,nan,0,0,0
CR,logit_mean,61,task,0,47407,50780,0.8017329657345411,0.8587761301073681,0.8292747512399807,40712,10068,6695
CR,logit_mean,61,task,1,4384,1666,0.414765906362545,0.15761861313868614,0.2284297520661157,691,975,3693
CR,logit_mean,61,task,2,1298,3577,0.17165222253284876,0.47303543913713403,0.2518974358974359,614,2963,684
CR,logit_mean,61,task,3,12257,9323,0.3730558832993672,0.28375622093497593,0.32233549582947174,3478,5845,8779
CR,logit_mean,61,social,0,954,10435,0.035649257307139436,0.389937106918239,0.06532619193959084,372,10063,582
CR,logit_mean,61,social,1,3077,1117,0.5729632945389436,0.20799480012999674,0.30519790176442535,640,477,2437
CR,logit_mean,61,social,2,11812,5743,0.8250043531255441,0.40111750761937015,0.5397892338365138,4738,1005,7074
CR,logit_mean,61,social,3,1452,0,nan,0.0,nan,0,0,1452
CR,logit_mean,61,social,4,0,0,nan,nan,nan,0,0,0
CR,prob_mean,61,task,0,47407,50507,0.8047597362741798,0.857383930643154,0.8302387809710563,40646,9861,6761
CR,prob_mean,61,task,1,4384,1806,0.4186046511627907,0.17244525547445255,0.24426494345718905,756,1050,3628
CR,prob_mean,61,task,2,1298,3531,0.17445482866043613,0.4745762711864407,0.255125284738041,616,2915,682
CR,prob_mean,61,task,3,12257,9502,0.3779204378025679,0.29297544260422614,0.3300703157314215,3591,5911,8666
CR,prob_mean,61,social,0,954,10387,0.0358139982670646,0.389937106918239,0.06560268053963494,372,10015,582
CR,prob_mean,61,social,1,3077,1132,0.5777385159010601,0.21254468638284044,0.31076265146115467,654,478,2423
CR,prob_mean,61,social,2,11812,5776,0.8221952908587258,0.40204876396884526,0.5400272913350012,4749,1027,7063
CR,prob_mean,61,social,3,1452,0,nan,0.0,nan,0,0,1452
CR,prob_mean,61,social,4,0,0,nan,nan,nan,0,0,0
CR,label_majority,61,task,0,47407,50855,0.8019073837380789,0.8602316113654102,0.830046203008284,40781,10074,6626
CR,label_majority,61,task,1,4384,1725,0.416231884057971,0.16377737226277372,0.23506302177115732,718,1007,3666
CR,label_majority,61,task,2,1298,3485,0.15007173601147777,0.4029275808936826,0.21869119799289152,523,2962,775
CR,label_majority,61,task,3,12257,9281,0.3718349315806486,0.2815533980582524,0.3204568669328628,3451,5830,8806
CR,label_majority,61,social,0,954,10457,0.037964999521851395,0.4161425576519916,0.06958198229778284,397,10060,557
CR,label_majority,61,social,1,3077,1060,0.5641509433962264,0.19434514137146572,0.2890983804689389,598,462,2479
CR,label_majority,61,social,2,11812,5778,0.822429906542056,0.40230274297324753,0.5403069926094372,4752,1026,7060
CR,label_majority,61,social,3,1452,0,nan,0.0,nan,0,0,1452
CR,label_majority,61,social,4,0,0,nan,nan,nan,0,0,0
CR,logit_mean,121,task,0,47407,51992,0.7947376519464533,0.871601240323159,0.8313966941317317,41320,10672,6087
CR,logit_mean,121,task,1,4384,1246,0.46869983948635635,0.1332116788321168,0.2074600355239787,584,662,3800
CR,logit_mean,121,task,2,1298,3537,0.18744698897370654,0.5107858243451464,0.2742502585315409,663,2874,635
CR,logit_mean,121,task,3,12257,8571,0.3987866059969665,0.2788610589867015,0.32821202227770313,3418,5153,8839
CR,logit_mean,121,social,0,954,10762,0.029455491544322615,0.33228511530398325,0.05411403209286445,317,10445,637
CR,logit_mean,121,social,1,3077,1105,0.5619909502262443,0.20181995450113746,0.296987087517934,621,484,2456
CR,logit_mean,121,social,2,11812,5428,0.8395357406042742,0.3857941076870979,0.5286542923433875,4557,871,7255
CR,logit_mean,121,social,3,1452,0,nan,0.0,nan,0,0,1452
CR,logit_mean,121,social,4,0,0,nan,nan,nan,0,0,0
CR,prob_mean,121,task,0,47407,51665,0.7978902545243395,0.8695551289893898,0.8321826550387597,41223,10442,6184
CR,prob_mean,121,task,1,4384,1479,0.4469235970250169,0.15077554744525548,0.2254818352379328,661,818,3723
CR,prob_mean,121,task,2,1298,3502,0.18989149057681326,0.512326656394453,0.27708333333333335,665,2837,633
CR,prob_mean,121,task,3,12257,8700,0.39195402298850573,0.27820837072693155,0.3254282578613351,3410,5290,8847
CR,prob_mean,121,social,0,954,10712,0.03015309932785661,0.3385744234800839,0.055374592833876225,323,10389,631
CR,prob_mean,121,social,1,3077,1092,0.5631868131868132,0.19987000324991874,0.29503478052290716,615,477,2462
CR,prob_mean,121,social,2,11812,5491,0.838645055545438,0.3898577717575347,0.5322776397156562,4605,886,7207
CR,prob_mean,121,social,3,1452,0,nan,0.0,nan,0,0,1452
CR,prob_mean,121,social,4,0,0,nan,nan,nan,0,0,0
CR,label_majority,121,task,0,47407,52646,0.7920449796755689,0.8795747463454764,0.8335182353352723,41698,10948,5709
CR,label_majority,121,task,1,4384,1370,0.4153284671532847,0.12979014598540145,0.19777546054918316,569,801,3815
CR,label_majority,121,task,2,1298,3403,0.17337643255950633,0.45454545454545453,0.25101042331418844,590,2813,708
CR,label_majority,121,task,3,12257,7927,0.39094234893402297,0.2528351146283756,0.30707491082045185,3099,4828,9158
CR,label_majority,121,social,0,954,10733,0.036150190999720486,0.40670859538784065,0.06639856250534781,388,10345,566
CR,label_majority,121,social,1,3077,1002,0.5828343313373253,0.18979525511862202,0.2863446923265506,584,418,2493
CR,label_majority,121,social,2,11812,5560,0.8345323741007195,0.3928208601422282,0.5341929541791388,4640,920,7172
CR,label_majority,121,social,3,1452,0,nan,0.0,nan,0,0,1452
CR,label_majority,121,social,4,0,0,nan,nan,nan,0,0,0
CR,logit_ema,0.15,task,0,47407,48947,0.8055856334402517,0.8317548041428481,0.8184610913921581,39431,9516,7976
CR,logit_ema,0.15,task,1,4384,1917,0.40897235263432447,0.17883211678832117,0.24884938898587528,784,1133,3600
CR,logit_ema,0.15,task,2,1298,4074,0.1563573883161512,0.49075500770416025,0.23715562174236784,637,3437,661
CR,logit_ema,0.15,task,3,12257,10408,0.35078785549577246,0.29787060455250064,0.32217074784910654,3651,6757,8606
CR,logit_ema,0.15,social,0,954,10036,0.03935831008369869,0.4140461215932914,0.0718835304822566,395,9641,559
CR,logit_ema,0.15,social,1,3077,1149,0.608355091383812,0.22716932076698082,0.330809275911027,699,450,2378
CR,logit_ema,0.15,social,2,11812,6110,0.8096563011456629,0.41881137825939724,0.552058921995313,4947,1163,6865
CR,logit_ema,0.15,social,3,1452,0,nan,0.0,nan,0,0,1452
CR,logit_ema,0.15,social,4,0,0,nan,nan,nan,0,0,0
CR,logit_ema,0.25,task,0,47407,48610,0.8054515531783584,0.8258906912481279,0.8155430809127551,39153,9457,8254
CR,logit_ema,0.25,task,1,4384,1963,0.3958227203260316,0.177235401459854,0.24484008192847012,777,1186,3607
CR,logit_ema,0.25,task,2,1298,4160,0.15336538461538463,0.4915254237288136,0.2337852693294247,638,3522,660
CR,logit_ema,0.25,task,3,12257,10613,0.34080844247620845,0.2950966794484784,0.3163095758635767,3617,6996,8640
CR,logit_ema,0.25,social,0,954,9994,0.039723834300580345,0.4161425576519916,0.07252466203872854,397,9597,557
CR,logit_ema,0.25,social,1,3077,1144,0.6022727272727273,0.22391940201494961,0.3264629234778489,689,455,2388
CR,logit_ema,0.25,social,2,11812,6157,0.8078609712522332,0.42109718929901796,0.5536201235461071,4974,1183,6838
CR,logit_ema,0.25,social,3,1452,0,nan,0.0,nan,0,0,1452
CR,logit_ema,0.25,social,4,0,0,nan,nan,nan,0,0,0
CR,logit_ema,0.4,task,0,47407,48311,0.80563432758585,0.8209968991921024,0.8132430681794437,38921,9390,8486
CR,logit_ema,0.4,task,1,4384,1987,0.39003522898842474,0.17677919708029197,0.24328990739287396,775,1212,3609
CR,logit_ema,0.4,task,2,1298,4252,0.14934148635936031,0.48921417565485364,0.22882882882882882,635,3617,663
CR,logit_ema,0.4,task,3,12257,10796,0.33595776213412376,0.2959125397731908,0.3146662039647768,3627,7169,8630
CR,logit_ema,0.4,social,0,954,9954,0.03948161543098252,0.4119496855345912,0.07205720572057206,393,9561,561
CR,logit_ema,0.4,social,1,3077,1158,0.6036269430051814,0.22716932076698082,0.3301062573789847,699,459,2378
CR,logit_ema,0.4,social,2,11812,6183,0.8080219957949215,0.4229597019979682,0.5552653514865241,4996,1187,6816
CR,logit_ema,0.4,social,3,1452,0,nan,0.0,nan,0,0,1452
CR,logit_ema,0.4,social,4,0,0,nan,nan,nan,0,0,0
CR,logit_ema,0.6,task,0,47407,48162,0.8058012541007433,0.8186343788891935,0.8121671253230649,38809,9353,8598
CR,logit_ema,0.6,task,1,4384,2006,0.3883349950149551,0.17769160583941607,0.24381846635367763,779,1227,3605
CR,logit_ema,0.6,task,2,1298,4295,0.14691501746216531,0.4861325115562404,0.22563919184695158,631,3664,667
CR,logit_ema,0.6,task,3,12257,10883,0.3338233942846642,0.2964020559680183,0.31400172860847014,3633,7250,8624
CR,logit_ema,0.6,social,0,954,9931,0.039371664484946126,0.40985324947589097,0.07184198438217732,391,9540,563
CR,logit_ema,0.6,social,1,3077,1163,0.6010318142734308,0.22716932076698082,0.3297169811320755,699,464,2378
CR,logit_ema,0.6,social,2,11812,6201,0.8077729398484116,0.42406027768371146,0.5561538888580471,5009,1192,6803
CR,logit_ema,0.6,social,3,1452,0,nan,0.0,nan,0,0,1452
CR,logit_ema,0.6,social,4,0,0,nan,nan,nan,0,0,0
CR,hysteresis,0.25,task,0,47407,48287,0.8064075216932094,0.8213765899550699,0.8138232282065752,38939,9348,8468
CR,hysteresis,0.25,task,1,4384,1985,0.3848866498740554,0.17427007299270073,0.2399120741089653,764,1221,3620
CR,hysteresis,0.25,task,2,1298,4203,0.14989293361884368,0.48536209553158705,0.22904926377022355,630,3573,668
CR,hysteresis,0.25,task,3,12257,10871,0.33428387452856223,0.2964836420004895,0.31425112417848494,3634,7237,8623
CR,hysteresis,0.25,social,0,954,9943,0.039927587247309666,0.4161425576519916,0.0728640910342296,397,9546,557
CR,hysteresis,0.25,social,1,3077,1126,0.5870337477797514,0.21481962950926226,0.3145372353081132,661,465,2416
CR,hysteresis,0.25,social,2,11812,6226,0.7998715065852875,0.42160514730782256,0.5521676460804967,4980,1246,6832
CR,hysteresis,0.25,social,3,1452,0,nan,0.0,nan,0,0,1452
CR,hysteresis,0.25,social,4,0,0,nan,nan,nan,0,0,0
CR,hysteresis,0.5,task,0,47407,48706,0.8071900792510163,0.8293079081148353,0.8180995286797831,39315,9391,8092
CR,hysteresis,0.5,task,1,4384,2010,0.36716417910447763,0.16833941605839417,0.23084141382546136,738,1272,3646
CR,hysteresis,0.5,task,2,1298,4129,0.15766529426011142,0.5015408320493067,0.23991155334438918,651,3478,647
CR,hysteresis,0.5,task,3,12257,10501,0.3444433863441577,0.2950966794484784,0.3178662448369804,3617,6884,8640
CR,hysteresis,0.5,social,0,954,9950,0.0392964824120603,0.40985324947589097,0.07171680117388114,391,9559,563
CR,hysteresis,0.5,social,1,3077,1119,0.5960679177837355,0.216769580760481,0.3179218303145853,667,452,2410
CR,hysteresis,0.5,social,2,11812,6226,0.7976228718278188,0.4204199119539451,0.5506153675573788,4966,1260,6846
CR,hysteresis,0.5,social,3,1452,0,nan,0.0,nan,0,0,1452
CR,hysteresis,0.5,social,4,0,0,nan,nan,nan,0,0,0
CR,hysteresis,1.0,task,0,47407,50141,0.7994854510281008,0.8455924230598857,0.821892811743962,40087,10054,7320
CR,hysteresis,1.0,task,1,4384,1695,0.41297935103244837,0.15967153284671534,0.2303010363546636,700,995,3684
CR,hysteresis,1.0,task,2,1298,3876,0.1762125902992776,0.5261941448382126,0.26401236954000773,683,3193,615
CR,hysteresis,1.0,task,3,12257,9634,0.3598712891841395,0.2828587745777923,0.31675117628249055,3467,6167,8790
CR,hysteresis,1.0,social,0,954,10592,0.03106117824773414,0.3448637316561845,0.05698943357006756,329,10263,625
CR,hysteresis,1.0,social,1,3077,1190,0.47394957983193275,0.18329541761455964,0.2643543473166159,564,626,2513
CR,hysteresis,1.0,social,2,11812,5513,0.852530382731725,0.3979004402302743,0.5425685425685425,4700,813,7112
CR,hysteresis,1.0,social,3,1452,0,nan,0.0,nan,0,0,1452
CR,hysteresis,1.0,social,4,0,0,nan,nan,nan,0,0,0
