scope,mode,param,head,class,support,predicted,precision,recall,f1,true_positive
CC,baseline,none,task,0,124893,94463,0.8462360924383092,0.6400518844130576,0.7288426120097011,79938
CC,baseline,none,task,1,19302,44948,0.2803461778054641,0.652833903222464,0.3922490272373541,12601
CC,baseline,none,task,2,26642,37702,0.35772638056336536,0.506230763456197,0.4192154668655974,13487
CC,baseline,none,task,3,44855,38579,0.5406827548666373,0.46503176903355253,0.5000119855214901,20859
CC,baseline,none,social,0,13381,18916,0.4269930217805033,0.6036170689784022,0.5001702944545934,8077
CC,baseline,none,social,1,13735,11912,0.4228509066487576,0.3667273389151802,0.39279447888641955,5037
CC,baseline,none,social,2,60794,38753,0.6454984130260883,0.41147152679540744,0.5025766723256352,25015
CC,baseline,none,social,3,2700,7703,0.025834090614046474,0.0737037037037037,0.038258194751513985,199
CC,baseline,none,social,4,94006,107332,0.6387097976372377,0.72925132438355,0.6809842155976517,68554
CC,hmm_uniform_start,mix=0.25;strength=0.25;alpha=1,task,0,124893,94510,0.8466723098084858,0.6407004395762773,0.7294248483384457,80019
CC,hmm_uniform_start,mix=0.25;strength=0.25;alpha=1,task,1,19302,44865,0.28151120026746906,0.654336338203295,0.3936602926738042,12630
CC,hmm_uniform_start,mix=0.25;strength=0.25;alpha=1,task,2,26642,37731,0.35721290185788873,0.5058929509796561,0.4187469901977537,13478
CC,hmm_uniform_start,mix=0.25;strength=0.25;alpha=1,task,3,44855,38586,0.5406365002850775,0.4650763571508193,0.5000179767740079,20861
CC,hmm_uniform_start,mix=0.25;strength=0.25;alpha=1,social,0,13381,18923,0.42709929715161443,0.6039907331290636,0.50037147102526,8082
CC,hmm_uniform_start,mix=0.25;strength=0.25;alpha=1,social,1,13735,11905,0.424947501049979,0.3683290862759374,0.3946177847113885,5059
CC,hmm_uniform_start,mix=0.25;strength=0.25;alpha=1,social,2,60794,38748,0.6472075978115,0.41250781327104646,0.5038677141307186,25078
CC,hmm_uniform_start,mix=0.25;strength=0.25;alpha=1,social,3,2700,7617,0.02651962714979651,0.07481481481481482,0.03915867015605312,202
CC,hmm_uniform_start,mix=0.25;strength=0.25;alpha=1,social,4,94006,107423,0.6390344712026289,0.7302406229389613,0.681599968227018,68647
CC,hmm_uniform_start,mix=0.25;strength=0.5;alpha=1,task,0,124893,94616,0.8468969307516699,0.6415892003555043,0.7300839601109749,80130
CC,hmm_uniform_start,mix=0.25;strength=0.5;alpha=1,task,1,19302,44796,0.2823019912492187,0.6551652678478914,0.39458329433055633,12646
CC,hmm_uniform_start,mix=0.25;strength=0.5;alpha=1,task,2,26642,37737,0.35699711158809655,0.5056677426619623,0.4185215675919166,13472
CC,hmm_uniform_start,mix=0.25;strength=0.5;alpha=1,task,3,44855,38543,0.5400980722829049,0.4640954185709508,0.499220604810667,20817
CC,hmm_uniform_start,mix=0.25;strength=0.5;alpha=1,social,0,13381,19012,0.42515253524090046,0.6040654659591959,0.499058438551539,8083
CC,hmm_uniform_start,mix=0.25;strength=0.5;alpha=1,social,1,13735,11935,0.42195224130708003,0.366654532216964,0.39236462797039345,5036
CC,hmm_uniform_start,mix=0.25;strength=0.5;alpha=1,social,2,60794,38636,0.6473237395175484,0.4113892818370234,0.5030674846625767,25010
CC,hmm_uniform_start,mix=0.25;strength=0.5;alpha=1,social,3,2700,7530,0.02390438247011952,0.06666666666666667,0.03519061583577712,180
CC,hmm_uniform_start,mix=0.25;strength=0.5;alpha=1,social,4,94006,107503,0.6387263611248059,0.7304321000787184,0.6815080219742046,68665
CC,hmm_uniform_start,mix=0.25;strength=1;alpha=1,task,0,124893,94857,0.8469274803124703,0.6432466191059547,0.7311672354948806,80337
CC,hmm_uniform_start,mix=0.25;strength=1;alpha=1,task,1,19302,44520,0.28517520215633424,0.6577556729872552,0.39785653849769675,12696
CC,hmm_uniform_start,mix=0.25;strength=1;alpha=1,task,2,26642,37656,0.3568090078606331,0.5043164927557992,0.41792901800989146,13436
CC,hmm_uniform_start,mix=0.25;strength=1;alpha=1,task,3,44855,38659,0.5385291911327246,0.4641400066882176,0.49857508920660015,20819
CC,hmm_uniform_start,mix=0.25;strength=1;alpha=1,social,0,13381,18870,0.42776894541600424,0.6032434048277409,0.5005736256240116,8072
CC,hmm_uniform_start,mix=0.25;strength=1;alpha=1,social,1,13735,11811,0.42629751926170517,0.36658172551874774,0.3941908713692946,5035
CC,hmm_uniform_start,mix=0.25;strength=1;alpha=1,social,2,60794,38837,0.6471406133326467,0.41341250781327105,0.5045216850177153,25133
CC,hmm_uniform_start,mix=0.25;strength=1;alpha=1,social,3,2700,7539,0.023345271256134767,0.06518518518518518,0.03437835726145131,176
CC,hmm_uniform_start,mix=0.25;strength=1;alpha=1,social,4,94006,107559,0.6392491562770201,0.7314107610152544,0.6822315382134796,68757
CC,hmm_uniform_start,mix=0.25;strength=2;alpha=1,task,0,124893,95159,0.8483590622011581,0.6463853058217834,0.7337265737189391,80729
CC,hmm_uniform_start,mix=0.25;strength=2;alpha=1,task,1,19302,44289,0.28916886811623654,0.6635063723966428,0.40279284804453463,12807
CC,hmm_uniform_start,mix=0.25;strength=2;alpha=1,task,2,26642,37678,0.35814002866394185,0.5064935064935064,0.41958955223880595,13494
CC,hmm_uniform_start,mix=0.25;strength=2;alpha=1,task,3,44855,38566,0.5410205880827672,0.4651655333853528,0.5002337540906967,20865
CC,hmm_uniform_start,mix=0.25;strength=2;alpha=1,social,0,13381,18845,0.42865481560095514,0.6036918018085344,0.5013343263203625,8078
CC,hmm_uniform_start,mix=0.25;strength=2;alpha=1,social,1,13735,11810,0.42768839966130395,0.3677466326902075,0.3954589939322764,5051
CC,hmm_uniform_start,mix=0.25;strength=2;alpha=1,social,2,60794,38849,0.645962573039203,0.41278744612955226,0.5036982025832221,25095
CC,hmm_uniform_start,mix=0.25;strength=2;alpha=1,social,3,2700,7468,0.023567220139260846,0.06518518518518518,0.03461841070023603,176
CC,hmm_uniform_start,mix=0.25;strength=2;alpha=1,social,4,94006,107644,0.6389766266582438,0.7316767014871391,0.6821919166873296,68782
CC,hmm_uniform_start,mix=0.25;strength=4;alpha=1,task,0,124893,95994,0.8482092630789424,0.6519420624054191,0.7372366866316262,81423
CC,hmm_uniform_start,mix=0.25;strength=4;alpha=1,task,1,19302,43786,0.29144018636093727,0.6611231996684281,0.4045460309409079,12761
CC,hmm_uniform_start,mix=0.25;strength=4;alpha=1,task,2,26642,37726,0.3579229178815671,0.5068313189700473,0.41955630126771065,13503
CC,hmm_uniform_start,mix=0.25;strength=4;alpha=1,task,3,44855,38186,0.5453045618813177,0.46422918292275106,0.5015113016461746,20823
CC,hmm_uniform_start,mix=0.25;strength=4;alpha=1,social,0,13381,18856,0.42723801442511666,0.6020476795456244,0.49979836833452246,8056
CC,hmm_uniform_start,mix=0.25;strength=4;alpha=1,social,1,13735,11814,0.4228034535297105,0.3636694575900983,0.3910133469020313,4995
CC,hmm_uniform_start,mix=0.25;strength=4;alpha=1,social,2,60794,38952,0.6469244197987266,0.4144981412639405,0.5052633689571512,25199
CC,hmm_uniform_start,mix=0.25;strength=4;alpha=1,social,3,2700,7200,0.024444444444444446,0.06518518518518518,0.035555555555555556,176
CC,hmm_uniform_start,mix=0.25;strength=4;alpha=1,social,4,94006,107794,0.6395903297029519,0.7333999957449524,0.6832903865213082,68944
CC,hmm_uniform_start,mix=0.25;strength=8;alpha=1,task,0,124893,97514,0.8492729249133458,0.6630956098420248,0.7447247613609285,82816
CC,hmm_uniform_start,mix=0.25;strength=8;alpha=1,task,1,19302,42607,0.3045274250709977,0.6722101336649052,0.4191636111066242,12975
CC,hmm_uniform_start,mix=0.25;strength=8;alpha=1,task,2,26642,37635,0.35764580842301047,0.5052173260265745,0.4188123278933366,13460
CC,hmm_uniform_start,mix=0.25;strength=8;alpha=1,task,3,44855,37936,0.5460248840151835,0.4617991305317133,0.5003925547462887,20714
CC,hmm_uniform_start,mix=0.25;strength=8;alpha=1,social,0,13381,18654,0.4309531467781709,0.6007772214333756,0.5018885593881691,8039
CC,hmm_uniform_start,mix=0.25;strength=8;alpha=1,social,1,13735,11652,0.42653621695846206,0.3618492901346924,0.39153897664158827,4970
CC,hmm_uniform_start,mix=0.25;strength=8;alpha=1,social,2,60794,38720,0.6459710743801653,0.411422179820377,0.5026830395723215,25012
CC,hmm_uniform_start,mix=0.25;strength=8;alpha=1,social,3,2700,7098,0.0283178360101437,0.07444444444444444,0.04102878138395591,201
CC,hmm_uniform_start,mix=0.25;strength=8;alpha=1,social,4,94006,108492,0.6391623345500129,0.7376550432951088,0.6848857766496459,69344
CC,hmm_uniform_start,mix=0.25;strength=12;alpha=1,task,0,124893,97405,0.8502540937323546,0.6631196304036255,0.7451169151319401,82819
CC,hmm_uniform_start,mix=0.25;strength=12;alpha=1,task,1,19302,42586,0.3061099891983281,0.6753704279349291,0.42127714581178904,13036
CC,hmm_uniform_start,mix=0.25;strength=12;alpha=1,task,2,26642,38045,0.3577342620580891,0.5108475339689212,0.42079552305718304,13610
CC,hmm_uniform_start,mix=0.25;strength=12;alpha=1,task,3,44855,37656,0.5510410027618441,0.46260171664251476,0.5029632412648011,20750
CC,hmm_uniform_start,mix=0.25;strength=12;alpha=1,social,0,13381,18892,0.42690027524878255,0.6027202750168149,0.49979859325132464,8065
CC,hmm_uniform_start,mix=0.25;strength=12;alpha=1,social,1,13735,11357,0.44492383551994363,0.36789224608663995,0.40275785110792284,5053
CC,hmm_uniform_start,mix=0.25;strength=12;alpha=1,social,2,60794,38598,0.6505259339862169,0.4130177320130276,0.5052519317450097,25109
CC,hmm_uniform_start,mix=0.25;strength=12;alpha=1,social,3,2700,6790,0.029602356406480117,0.07444444444444444,0.042360379346680715,201
CC,hmm_uniform_start,mix=0.25;strength=12;alpha=1,social,4,94006,108979,0.6408207085768818,0.7428887517818011,0.6880902529743578,69836
CC,hmm_uniform_start,mix=0.5;strength=0.25;alpha=1,task,0,124893,94580,0.8469126665256925,0.641357001593364,0.7299394458543876,80101
CC,hmm_uniform_start,mix=0.5;strength=0.25;alpha=1,task,1,19302,44821,0.2819883536735013,0.6548026111283805,0.39421112549319276,12639
CC,hmm_uniform_start,mix=0.5;strength=0.25;alpha=1,task,2,26642,37732,0.35704441853069013,0.5056677426619623,0.418554074626402,13472
CC,hmm_uniform_start,mix=0.5;strength=0.25;alpha=1,task,3,44855,38559,0.5403926450374751,0.46454129974361835,0.4996043829572973,20837
CC,hmm_uniform_start,mix=0.5;strength=0.25;alpha=1,social,0,13381,19026,0.42483969305161357,0.6040654659591959,0.4988428425957355,8083
CC,hmm_uniform_start,mix=0.5;strength=0.25;alpha=1,social,1,13735,11945,0.42369192130598576,0.36847469967236984,0.3941588785046729,5061
CC,hmm_uniform_start,mix=0.5;strength=0.25;alpha=1,social,2,60794,38635,0.6475216772356671,0.41150442477876104,0.5032133482183266,25017
CC,hmm_uniform_start,mix=0.5;strength=0.25;alpha=1,social,3,2700,7523,0.023926625016615712,0.06666666666666667,0.03521471192409273,180
CC,hmm_uniform_start,mix=0.5;strength=0.25;alpha=1,social,4,94006,107487,0.6388028319703778,0.7304108248409676,0.6815422868288228,68663
CC,hmm_uniform_start,mix=0.5;strength=0.5;alpha=1,task,0,124893,94861,0.8465649740146108,0.6429984066360804,0.7308717930049055,80306
CC,hmm_uniform_start,mix=0.5;strength=0.5;alpha=1,task,1,19302,44482,0.2843172519221258,0.6552170759506787,0.3965571303148125,12647
CC,hmm_uniform_start,mix=0.5;strength=0.5;alpha=1,task,2,26642,37671,0.3563749303177511,0.503903610840027,0.4174894655823862,13425
CC,hmm_uniform_start,mix=0.5;strength=0.5;alpha=1,task,3,44855,38678,0.5378768292052329,0.463805595808717,0.4981025462990674,20804
CC,hmm_uniform_start,mix=0.5;strength=0.5;alpha=1,social,0,13381,18931,0.4263905763034177,0.6032434048277409,0.49962862094577865,8072
CC,hmm_uniform_start,mix=0.5;strength=0.5;alpha=1,social,1,13735,11845,0.42591810890671167,0.36730979250091006,0.3944487881157154,5045
CC,hmm_uniform_start,mix=0.5;strength=0.5;alpha=1,social,2,60794,38786,0.6466508534007116,0.4125571602460769,0.5037356898975698,25081
CC,hmm_uniform_start,mix=0.5;strength=0.5;alpha=1,social,3,2700,7532,0.02336696760488582,0.06518518518518518,0.03440187646598905,176
CC,hmm_uniform_start,mix=0.5;strength=0.5;alpha=1,social,4,94006,107522,0.6387622998084113,0.7306023019807246,0.68160255646858,68681
CC,hmm_uniform_start,mix=0.5;strength=1;alpha=1,task,0,124893,95158,0.8482313625759264,0.6462812167215136,0.733611753638929,80716
CC,hmm_uniform_start,mix=0.5;strength=1;alpha=1,task,1,19302,44262,0.28905155664000726,0.6628328670604082,0.40255490529230387,12794
CC,hmm_uniform_start,mix=0.5;strength=1;alpha=1,task,2,26642,37662,0.35776113854813874,0.5057428121011937,0.41907190843493414,13474
CC,hmm_uniform_start,mix=0.5;strength=1;alpha=1,task,3,44855,38610,0.5404040404040404,0.4651655333853528,0.4999700473252262,20865
CC,hmm_uniform_start,mix=0.5;strength=1;alpha=1,social,0,13381,18887,0.42775454015989833,0.6037665346386668,0.500743770918557,8079
CC,hmm_uniform_start,mix=0.5;strength=1;alpha=1,social,1,13735,11773,0.42699396925167754,0.36599927193301784,0.3941508546338403,5027
CC,hmm_uniform_start,mix=0.5;strength=1;alpha=1,social,2,60794,38796,0.6463295185070626,0.41245846629601607,0.5035646149211769,25075
CC,hmm_uniform_start,mix=0.5;strength=1;alpha=1,social,3,2700,7484,0.02351683591662213,0.06518518518518518,0.03456402199528672,176
CC,hmm_uniform_start,mix=0.5;strength=1;alpha=1,social,4,94006,107676,0.6387588692001932,0.731644788630513,0.6820539264783174,68779
CC,hmm_uniform_start,mix=0.5;strength=2;alpha=1,task,0,124893,95948,0.8484595822737316,0.6518219595974154,0.7372544047527407,81408
CC,hmm_uniform_start,mix=0.5;strength=2;alpha=1,task,1,19302,43795,0.29138029455417286,0.6611231996684281,0.4044883274957605,12761
CC,hmm_uniform_start,mix=0.5;strength=2;alpha=1,task,2,26642,37679,0.3584224634411741,0.5069063884092786,0.4199250633541145,13505
CC,hmm_uniform_start,mix=0.5;strength=2;alpha=1,task,3,44855,38270,0.5452051215050954,0.4651655333853528,0.502015037593985,20865
CC,hmm_uniform_start,mix=0.5;strength=2;alpha=1,social,0,13381,18882,0.42781485012180914,0.6036918018085344,0.5007593838142764,8078
CC,hmm_uniform_start,mix=0.5;strength=2;alpha=1,social,1,13735,11896,0.41812373907195693,0.36214051692755733,0.38812375638874796,4974
CC,hmm_uniform_start,mix=0.5;strength=2;alpha=1,social,2,60794,38994,0.6481509975893728,0.4157318156397013,0.5065538942558224,25274
CC,hmm_uniform_start,mix=0.5;strength=2;alpha=1,social,3,2700,7218,0.024383485730119146,0.06518518518518518,0.03549102641661625,176
CC,hmm_uniform_start,mix=0.5;strength=2;alpha=1,social,4,94006,107626,0.6399754706111906,0.7326979128991766,0.6832050468179655,68878
CC,hmm_uniform_start,mix=0.5;strength=4;alpha=1,task,0,124893,97046,0.8514828019701997,0.6616303555843802,0.7446460513924997,82633
CC,hmm_uniform_start,mix=0.5;strength=4;alpha=1,task,1,19302,42748,0.304084401609432,0.6734535281317998,0.4189846897663174,12999
CC,hmm_uniform_start,mix=0.5;strength=4;alpha=1,task,2,26642,37726,0.35850607008429203,0.5076570828015915,0.42023987074322644,13525
CC,hmm_uniform_start,mix=0.5;strength=4;alpha=1,task,3,44855,38172,0.5455831499528451,0.46429606509865123,0.5016681320534284,20826
CC,hmm_uniform_start,mix=0.5;strength=4;alpha=1,social,0,13381,18718,0.4294796452612459,0.6007772214333756,0.5008878781270445,8039
CC,hmm_uniform_start,mix=0.5;strength=4;alpha=1,social,1,13735,11708,0.43261018107277077,0.3687659264652348,0.39814487285304406,5065
CC,hmm_uniform_start,mix=0.5;strength=4;alpha=1,social,2,60794,38823,0.6460860829920408,0.4125900582294305,0.50358874489294,25083
CC,hmm_uniform_start,mix=0.5;strength=4;alpha=1,social,3,2700,7026,0.02860802732707088,0.07444444444444444,0.04133251079580506,201
CC,hmm_uniform_start,mix=0.5;strength=4;alpha=1,social,4,94006,108341,0.6393516766505755,0.7368465842605791,0.684645682911039,69268
CC,hmm_uniform_start,mix=0.5;strength=8;alpha=1,task,0,124893,97208,0.8488910377746688,0.6607175742435525,0.7430763481479147,82519
CC,hmm_uniform_start,mix=0.5;strength=8;alpha=1,task,1,19302,42472,0.30584855905066866,0.6729872552067143,0.4205652863664324,12990
CC,hmm_uniform_start,mix=0.5;strength=8;alpha=1,task,2,26642,37935,0.3589824700144985,0.5111478117258464,0.4217600693745452,13618
CC,hmm_uniform_start,mix=0.5;strength=8;alpha=1,task,3,44855,38077,0.5482312156945137,0.46538847397168653,0.5034244923551826,20875
CC,hmm_uniform_start,mix=0.5;strength=8;alpha=1,social,0,13381,19217,0.4273820055159494,0.6137807338763919,0.5038959445364747,8213
CC,hmm_uniform_start,mix=0.5;strength=8;alpha=1,social,1,13735,11217,0.4439689756619417,0.36257735711685474,0.39916639948701504,4980
CC,hmm_uniform_start,mix=0.5;strength=8;alpha=1,social,2,60794,38419,0.6551445899164476,0.41402112050531303,0.5073931843609205,25170
CC,hmm_uniform_start,mix=0.5;strength=8;alpha=1,social,3,2700,6794,0.029584927877539004,0.07444444444444444,0.04234253212555297,201
CC,hmm_uniform_start,mix=0.5;strength=8;alpha=1,social,4,94006,108969,0.6423111160054694,0.7445482203263621,0.6896612883360019,69992
CC,hmm_uniform_start,mix=0.5;strength=12;alpha=1,task,0,124893,98653,0.8497055335367398,0.6711825322476039,0.7499664498581947,83826
CC,hmm_uniform_start,mix=0.5;strength=12;alpha=1,task,1,19302,42061,0.3184660374218397,0.6939695368355611,0.43658230529798087,13395
CC,hmm_uniform_start,mix=0.5;strength=12;alpha=1,task,2,26642,37736,0.359126563493746,0.5086705202312138,0.4210133896672777,13552
CC,hmm_uniform_start,mix=0.5;strength=12;alpha=1,task,3,44855,37242,0.5504269373288223,0.45700590792553786,0.4993848739905234,20499
CC,hmm_uniform_start,mix=0.5;strength=12;alpha=1,social,0,13381,19228,0.4278656126482213,0.6148269934982438,0.5045846238768437,8227
CC,hmm_uniform_start,mix=0.5;strength=12;alpha=1,social,1,13735,10976,0.45216836734693877,0.36133964324717877,0.4016834608069281,4963
CC,hmm_uniform_start,mix=0.5;strength=12;alpha=1,social,2,60794,38486,0.6546276568102687,0.4144158963055565,0.5075342465753425,25194
CC,hmm_uniform_start,mix=0.5;strength=12;alpha=1,social,3,2700,6838,0.029394559812810764,0.07444444444444444,0.04214720067100021,201
CC,hmm_uniform_start,mix=0.5;strength=12;alpha=1,social,4,94006,109088,0.642655470812555,0.7457609088781567,0.6903798241208505,70106
CC,hmm_uniform_start,mix=0.75;strength=0.25;alpha=1,task,0,124893,94789,0.8465750245281626,0.6425179954040658,0.7305650895385148,80246
CC,hmm_uniform_start,mix=0.75;strength=0.25;alpha=1,task,1,19302,44659,0.283033655030341,0.6548544192311677,0.3952408498929035,12640
CC,hmm_uniform_start,mix=0.75;strength=0.25;alpha=1,task,2,26642,37687,0.3567808528139677,0.5046918399519555,0.41803852072937553,13446
CC,hmm_uniform_start,mix=0.75;strength=0.25;alpha=1,task,3,44855,38557,0.5396166714215318,0.4638501839259837,0.49887306382774665,20806
CC,hmm_uniform_start,mix=0.75;strength=0.25;alpha=1,social,0,13381,18941,0.42616546116889287,0.6032434048277409,0.49947404244786836,8072
CC,hmm_uniform_start,mix=0.75;strength=0.25;alpha=1,social,1,13735,11949,0.4248054230479538,0.3695668001456134,0.3952655349634013,5076
CC,hmm_uniform_start,mix=0.75;strength=0.25;alpha=1,social,2,60794,38714,0.6467944412873896,0.4118827515873277,0.5032761185030349,25040
CC,hmm_uniform_start,mix=0.75;strength=0.25;alpha=1,social,3,2700,7483,0.023519978618201254,0.06518518518518518,0.034567416282038695,176
CC,hmm_uniform_start,mix=0.75;strength=0.25;alpha=1,social,4,94006,107529,0.6386184192171415,0.7304852881730953,0.6814697198997692,68670
CC,hmm_uniform_start,mix=0.75;strength=0.5;alpha=1,task,0,124893,95083,0.8472807967775522,0.6450481612260095,0.7324617230970651,80562
CC,hmm_uniform_start,mix=0.75;strength=0.5;alpha=1,task,1,19302,44278,0.28833732327566736,0.6614340482851518,0.4016042780748663,12767
CC,hmm_uniform_start,mix=0.75;strength=0.5;alpha=1,task,2,26642,37702,0.35711633335101584,0.5053674649050371,0.4185005594927266,13464
CC,hmm_uniform_start,mix=0.75;strength=0.5;alpha=1,task,3,44855,38629,0.5406300965595796,0.4655891204993869,0.5003114369220449,20884
CC,hmm_uniform_start,mix=0.75;strength=0.5;alpha=1,social,0,13381,18933,0.425870173770665,0.6025708093565504,0.49904066348950915,8063
CC,hmm_uniform_start,mix=0.75;strength=0.5;alpha=1,social,1,13735,11748,0.42832822608103505,0.366363305424099,0.39492995330220143,5032
CC,hmm_uniform_start,mix=0.75;strength=0.5;alpha=1,social,2,60794,38871,0.647243446270999,0.41384018159686814,0.5048713189183767,25159
CC,hmm_uniform_start,mix=0.75;strength=0.5;alpha=1,social,3,2700,7523,0.023394922238468695,0.06518518518518518,0.034432162770224,176
CC,hmm_uniform_start,mix=0.75;strength=0.5;alpha=1,social,4,94006,107541,0.6394677378860155,0.731538412441759,0.6824115466863807,68769
CC,hmm_uniform_start,mix=0.75;strength=1;alpha=1,task,0,124893,95518,0.8479867668921041,0.6485391495119822,0.7349723924849486,80998
CC,hmm_uniform_start,mix=0.75;strength=1;alpha=1,task,1,19302,43962,0.2885673991174196,0.6572375919593825,0.40104957005563985,12686
CC,hmm_uniform_start,mix=0.75;strength=1;alpha=1,task,2,26642,37748,0.35803221362721205,0.507281735605435,0.4197856810063675,13515
CC,hmm_uniform_start,mix=0.75;strength=1;alpha=1,task,3,44855,38464,0.5425332778702163,0.46523241556125294,0.5009181579231629,20868
CC,hmm_uniform_start,mix=0.75;strength=1;alpha=1,social,0,13381,18992,0.4253896377422072,0.6037665346386668,0.4991196367343157,8079
CC,hmm_uniform_start,mix=0.75;strength=1;alpha=1,social,1,13735,11768,0.42114208021753907,0.36082999635966506,0.3886601576285143,4956
CC,hmm_uniform_start,mix=0.75;strength=1;alpha=1,social,2,60794,38912,0.647203947368421,0.4142514063887884,0.5051651856457987,25184
CC,hmm_uniform_start,mix=0.75;strength=1;alpha=1,social,3,2700,7342,0.023971669844728958,0.06518518518518518,0.03505277833100976,176
CC,hmm_uniform_start,mix=0.75;strength=1;alpha=1,social,4,94006,107602,0.639885875727217,0.7324319724272919,0.6830383714931947,68853
CC,hmm_uniform_start,mix=0.75;strength=2;alpha=1,task,0,124893,96280,0.8510594100540091,0.6560816058546115,0.7409584352520425,81940
CC,hmm_uniform_start,mix=0.75;strength=2;alpha=1,task,1,19302,43210,0.30041657023837076,0.6725209822816288,0.4153122600460712,12981
CC,hmm_uniform_start,mix=0.75;strength=2;alpha=1,task,2,26642,37831,0.35597790172081095,0.5054800690638841,0.4177562700665395,13467
CC,hmm_uniform_start,mix=0.75;strength=2;alpha=1,task,3,44855,38371,0.5460894946704542,0.4671497046037231,0.5035445654002355,20954
CC,hmm_uniform_start,mix=0.75;strength=2;alpha=1,social,0,13381,18697,0.4310852008343585,0.6023466108661535,0.5025250950807407,8060
CC,hmm_uniform_start,mix=0.75;strength=2;alpha=1,social,1,13735,11742,0.4308465338102538,0.3683290862759374,0.39714252070494954,5059
CC,hmm_uniform_start,mix=0.75;strength=2;alpha=1,social,2,60794,39030,0.6455547015116577,0.41444879428891007,0.5048084628946946,25196
CC,hmm_uniform_start,mix=0.75;strength=2;alpha=1,social,3,2700,7226,0.02781621920841406,0.07444444444444444,0.04049969776344953,201
CC,hmm_uniform_start,mix=0.75;strength=2;alpha=1,social,4,94006,107921,0.6397086757906246,0.7343999319192392,0.6837916672857023,69038
CC,hmm_uniform_start,mix=0.75;strength=4;alpha=1,task,0,124893,97358,0.8502331600895664,0.6627833425412153,0.744896535898601,82777
CC,hmm_uniform_start,mix=0.75;strength=4;alpha=1,task,1,19302,42621,0.3058351516857887,0.6753186198321417,0.42100673416985607,13035
CC,hmm_uniform_start,mix=0.75;strength=4;alpha=1,task,2,26642,38057,0.3577002916677615,0.5109601381277682,0.42081021344997604,13613
CC,hmm_uniform_start,mix=0.75;strength=4;alpha=1,task,3,44855,37656,0.5510410027618441,0.46260171664251476,0.5029632412648011,20750
CC,hmm_uniform_start,mix=0.75;strength=4;alpha=1,social,0,13381,18859,0.42764727716209766,0.6027202750168149,0.5003101736972705,8065
CC,hmm_uniform_start,mix=0.75;strength=4;alpha=1,social,1,13735,11606,0.44864725142167844,0.37910447761194027,0.41095457953514064,5207
CC,hmm_uniform_start,mix=0.75;strength=4;alpha=1,social,2,60794,38540,0.651141670991178,0.41278744612955226,0.5052650653351319,25095
CC,hmm_uniform_start,mix=0.75;strength=4;alpha=1,social,3,2700,6588,0.03051001821493625,0.07444444444444444,0.043281653746770024,201
CC,hmm_uniform_start,mix=0.75;strength=4;alpha=1,social,4,94006,109023,0.6408372545242746,0.7432078803480628,0.6882366558471942,69866
CC,hmm_uniform_start,mix=0.75;strength=8;alpha=1,task,0,124893,98969,0.8512968707373015,0.6745934519949076,0.7527137254201248,84252
CC,hmm_uniform_start,mix=0.75;strength=8;alpha=1,task,1,19302,41895,0.3228547559374627,0.7007563983006942,0.44204781280128114,13526
CC,hmm_uniform_start,mix=0.75;strength=8;alpha=1,task,2,26642,37813,0.36006135456060084,0.5110352075669995,0.4224652858583508,13615
CC,hmm_uniform_start,mix=0.75;strength=8;alpha=1,task,3,44855,37015,0.5523436444684587,0.4558020287593356,0.49945034811286193,20445
CC,hmm_uniform_start,mix=0.75;strength=8;alpha=1,social,0,13381,19229,0.4278433615892662,0.6148269934982438,0.5045691505673107,8227
CC,hmm_uniform_start,mix=0.75;strength=8;alpha=1,social,1,13735,10977,0.4521271750022775,0.36133964324717877,0.4016672062156038,4963
CC,hmm_uniform_start,mix=0.75;strength=8;alpha=1,social,2,60794,38488,0.6546715859488672,0.4144652432805869,0.50758445639693,25197
CC,hmm_uniform_start,mix=0.75;strength=8;alpha=1,social,3,2700,6838,0.029394559812810764,0.07444444444444444,0.04214720067100021,201
CC,hmm_uniform_start,mix=0.75;strength=8;alpha=1,social,4,94006,109084,0.6426698690917091,0.7457502712592813,0.6903835737850214,70105
CC,hmm_uniform_start,mix=0.75;strength=12;alpha=1,task,0,124893,99210,0.8582300171353694,0.6817435724980584,0.7598738080257739,85145
CC,hmm_uniform_start,mix=0.75;strength=12;alpha=1,task,1,19302,41106,0.3313384907312801,0.7056263599626982,0.4509336511720302,13620
CC,hmm_uniform_start,mix=0.75;strength=12;alpha=1,task,2,26642,37623,0.36358078834755336,0.5134374296224007,0.4257060608418268,13679
CC,hmm_uniform_start,mix=0.75;strength=12;alpha=1,task,3,44855,37753,0.5458374168940217,0.4594136662579423,0.49891051714119705,20607
CC,hmm_uniform_start,mix=0.75;strength=12;alpha=1,social,0,13381,18843,0.4323090802950698,0.6087736342575293,0.5055858987090367,8146
CC,hmm_uniform_start,mix=0.75;strength=12;alpha=1,social,1,13735,10422,0.438207637689503,0.3325081907535493,0.3781098646355094,4567
CC,hmm_uniform_start,mix=0.75;strength=12;alpha=1,social,2,60794,38060,0.6626379400945875,0.4148435700891535,0.5102474356121148,25220
CC,hmm_uniform_start,mix=0.75;strength=12;alpha=1,social,3,2700,7043,0.02853897486866392,0.07444444444444444,0.041260392076362506,201
CC,hmm_uniform_start,mix=0.75;strength=12;alpha=1,social,4,94006,110248,0.6434130324359626,0.7545794949258557,0.6945763608056635,70935
CC,hmm_uniform_start,mix=1;strength=0.25;alpha=1,task,0,124893,95040,0.8485795454545455,0.6457447575124307,0.7333960797151861,80649
CC,hmm_uniform_start,mix=1;strength=0.25;alpha=1,task,1,19302,44224,0.2901818017366136,0.664853383069112,0.4040235494128388,12833
CC,hmm_uniform_start,mix=1;strength=0.25;alpha=1,task,2,26642,37870,0.35709004489041457,0.5075820133623602,0.41923983134920634,13523
CC,hmm_uniform_start,mix=1;strength=0.25;alpha=1,task,3,44855,38558,0.540302920275948,0.4644521235090848,0.49951446417225137,20833
CC,hmm_uniform_start,mix=1;strength=0.25;alpha=1,social,0,13381,18883,0.4278451517237727,0.6037665346386668,0.500805851723283,8079
CC,hmm_uniform_start,mix=1;strength=0.25;alpha=1,social,1,13735,11796,0.42709393014581215,0.3668001456133964,0.39465747522619554,5038
CC,hmm_uniform_start,mix=1;strength=0.25;alpha=1,social,2,60794,38942,0.6466539982538133,0.4142185084054347,0.5049731290607202,25182
CC,hmm_uniform_start,mix=1;strength=0.25;alpha=1,social,3,2700,7439,0.023659093964242504,0.06518518518518518,0.034717427754216386,176
CC,hmm_uniform_start,mix=1;strength=0.25;alpha=1,social,4,94006,107556,0.6395831008962772,0.7317724400570177,0.6825790575604529,68791
CC,hmm_uniform_start,mix=1;strength=0.5;alpha=1,task,0,124893,96368,0.8494313465050639,0.6554250438375249,0.7399225349248173,81858
CC,hmm_uniform_start,mix=1;strength=0.5;alpha=1,task,1,19302,43278,0.29721798604371735,0.6664076261527303,0.41108980504953657,12863
CC,hmm_uniform_start,mix=1;strength=0.5;alpha=1,task,2,26642,37788,0.35609188102042977,0.505067187148112,0.41769362098401364,13456
CC,hmm_uniform_start,mix=1;strength=0.5;alpha=1,task,3,44855,38258,0.5442521825500549,0.4642068888641177,0.501052783559732,20822
CC,hmm_uniform_start,mix=1;strength=0.5;alpha=1,social,0,13381,18784,0.4289288756388416,0.6021224123757567,0.5009793253536452,8057
CC,hmm_uniform_start,mix=1;strength=0.5;alpha=1,social,1,13735,11810,0.4231160033869602,0.36381507098653076,0.3912311606968095,4997
CC,hmm_uniform_start,mix=1;strength=0.5;alpha=1,social,2,60794,38930,0.6473156948368867,0.4145145902556173,0.5053948898961134,25200
CC,hmm_uniform_start,mix=1;strength=0.5;alpha=1,social,3,2700,7253,0.027712670619054185,0.07444444444444444,0.04038983221139355,201
CC,hmm_uniform_start,mix=1;strength=0.5;alpha=1,social,4,94006,107839,0.6394903513571157,0.7335914728847095,0.6833164061532364,68962
CC,hmm_uniform_start,mix=1;strength=1;alpha=1,task,0,124893,97206,0.8505544925210378,0.661998670862258,0.7445238384684307,82679
CC,hmm_uniform_start,mix=1;strength=1;alpha=1,task,1,19302,42708,0.3070853235927695,0.6794632680551238,0.42299629092081925,13115
CC,hmm_uniform_start,mix=1;strength=1;alpha=1,task,2,26642,37988,0.3566652627145414,0.5085579160723669,0.4192789726133374,13549
CC,hmm_uniform_start,mix=1;strength=1;alpha=1,task,3,44855,37790,0.5462291611537444,0.46019395831011034,0.49953415209631563,20642
CC,hmm_uniform_start,mix=1;strength=1;alpha=1,social,0,13381,18757,0.42858666097990084,0.6007772214333756,0.5002800423175058,8039
CC,hmm_uniform_start,mix=1;strength=1;alpha=1,social,1,13735,11756,0.4338210275603947,0.37131416090280306,0.4001412263151701,5100
CC,hmm_uniform_start,mix=1;strength=1;alpha=1,social,2,60794,38452,0.6496671174451264,0.4109122610783959,0.5034157547911251,24981
CC,hmm_uniform_start,mix=1;strength=1;alpha=1,social,3,2700,6854,0.02932594105631748,0.07444444444444444,0.04207661712371782,201
CC,hmm_uniform_start,mix=1;strength=1;alpha=1,social,4,94006,108797,0.6399808818257856,0.7406761270557198,0.6866565090260005,69628
CC,hmm_uniform_start,mix=1;strength=2;alpha=1,task,0,124893,98141,0.8486870930599851,0.666898865428807,0.7468906086067596,83291
CC,hmm_uniform_start,mix=1;strength=2;alpha=1,task,1,19302,41834,0.31371611607783145,0.6799295409802093,0.42933786966762627,13124
CC,hmm_uniform_start,mix=1;strength=2;alpha=1,task,2,26642,37877,0.35610000792037383,0.5062682981758126,0.41810939413196113,13488
CC,hmm_uniform_start,mix=1;strength=2;alpha=1,task,3,44855,37840,0.5470401691331924,0.46148701371084605,0.5006348630509705,20700
CC,hmm_uniform_start,mix=1;strength=2;alpha=1,social,0,13381,19216,0.42813280599500414,0.6148269934982438,0.5047703776421143,8227
CC,hmm_uniform_start,mix=1;strength=2;alpha=1,social,1,13735,11556,0.4510211145725164,0.3794685111030215,0.412162429322684,5212
CC,hmm_uniform_start,mix=1;strength=2;alpha=1,social,2,60794,38258,0.6552093679753255,0.41232687436260157,0.5061381900415943,25067
CC,hmm_uniform_start,mix=1;strength=2;alpha=1,social,3,2700,6557,0.030654262620100656,0.07444444444444444,0.04342659608944583,201
CC,hmm_uniform_start,mix=1;strength=2;alpha=1,social,4,94006,109029,0.6422144567041796,0.7448460736548731,0.6897332972147661,70020
CC,hmm_uniform_start,mix=1;strength=4;alpha=1,task,0,124893,98848,0.8585302686953706,0.6794936465614566,0.7585914070286627,84864
CC,hmm_uniform_start,mix=1;strength=4;alpha=1,task,1,19302,41481,0.3325618958077192,0.7146927779504715,0.4539098103088035,13795
CC,hmm_uniform_start,mix=1;strength=4;alpha=1,task,2,26642,37979,0.3678348561046894,0.5243600330305532,0.43236718713730826,13970
CC,hmm_uniform_start,mix=1;strength=4;alpha=1,task,3,44855,37384,0.5519473571581425,0.46001560584104334,0.5018057126181009,20634
CC,hmm_uniform_start,mix=1;strength=4;alpha=1,social,0,13381,18826,0.4326994581961118,0.6087736342575293,0.5058527649268793,8146
CC,hmm_uniform_start,mix=1;strength=4;alpha=1,social,1,13735,11103,0.43195532738899395,0.34918092464506734,0.38618246235606735,4796
CC,hmm_uniform_start,mix=1;strength=4;alpha=1,social,2,60794,37517,0.6720153530399552,0.41471197815573907,0.5129029304960788,25212
CC,hmm_uniform_start,mix=1;strength=4;alpha=1,social,3,2700,6679,0.030094325497829016,0.07444444444444444,0.04286171233606994,201
CC,hmm_uniform_start,mix=1;strength=4;alpha=1,social,4,94006,110491,0.6441248608483949,0.7570793353615727,0.6960493307970288,71170
CC,hmm_uniform_start,mix=1;strength=8;alpha=1,task,0,124893,100902,0.8581990446175497,0.6933455037512111,0.7670143271551628,86594
CC,hmm_uniform_start,mix=1;strength=8;alpha=1,task,1,19302,39884,0.35846454718684184,0.740700445549684,0.4831210083465684,14297
CC,hmm_uniform_start,mix=1;strength=8;alpha=1,task,2,26642,38250,0.3698300653594771,0.5309661436829067,0.43598594587930717,14146
CC,hmm_uniform_start,mix=1;strength=8;alpha=1,task,3,44855,36656,0.5543976429506765,0.4530598595474306,0.4986320864668572,20322
CC,hmm_uniform_start,mix=1;strength=8;alpha=1,social,0,13381,18661,0.43197041959166177,0.6024213436962857,0.5031521128518819,8061
CC,hmm_uniform_start,mix=1;strength=8;alpha=1,social,1,13735,9267,0.49217654041221537,0.3320713505642519,0.3965742109381793,4561
CC,hmm_uniform_start,mix=1;strength=8;alpha=1,social,2,60794,36926,0.670584412067378,0.4073099319011745,0.5067949242734343,24762
CC,hmm_uniform_start,mix=1;strength=8;alpha=1,social,3,2700,6155,0.03704305442729488,0.08444444444444445,0.05149632975719932,228
CC,hmm_uniform_start,mix=1;strength=8;alpha=1,social,4,94006,113607,0.6431117800839737,0.7772057102738124,0.7038287583147491,73062
CC,hmm_uniform_start,mix=1;strength=12;alpha=1,task,0,124893,103711,0.8577392947710465,0.7122656994387195,0.7782628475442249,88957
CC,hmm_uniform_start,mix=1;strength=12;alpha=1,task,1,19302,37662,0.37480749827412246,0.7313231789451871,0.4956112632539849,14116
CC,hmm_uniform_start,mix=1;strength=12;alpha=1,task,2,26642,38351,0.35474955020729576,0.510659860370843,0.4186604711276599,13605
CC,hmm_uniform_start,mix=1;strength=12;alpha=1,task,3,44855,35968,0.5540202402135231,0.4442537063872478,0.4931022110042933,19927
CC,hmm_uniform_start,mix=1;strength=12;alpha=1,social,0,13381,18127,0.4446957577094941,0.6024213436962857,0.5116795734416656,8061
CC,hmm_uniform_start,mix=1;strength=12;alpha=1,social,1,13735,9372,0.5,0.3411721878412814,0.4055913792357294,4686
CC,hmm_uniform_start,mix=1;strength=12;alpha=1,social,2,60794,36735,0.6789710085749285,0.4102707504030003,0.5114786371233172,24942
CC,hmm_uniform_start,mix=1;strength=12;alpha=1,social,3,2700,6177,0.0,0.0,nan,0
CC,hmm_uniform_start,mix=1;strength=12;alpha=1,social,4,94006,114205,0.6445602206558382,0.7830564006552774,0.7070904034849265,73612
CR,baseline,none,task,0,47407,36816,0.9135973489787049,0.709494378467315,0.7987129406456669,33635
CR,baseline,none,task,1,4384,1530,0.4549019607843137,0.15875912408759124,0.2353736895502198,696
CR,baseline,none,task,2,1298,124,0.0,0.0,nan,0
CR,baseline,none,task,3,12257,26876,0.42335168923947014,0.9282858774577792,0.5815041013977973,11378
CR,baseline,none,social,0,954,8729,0.038492381716118684,0.3522012578616352,0.06939997934524424,336
CR,baseline,none,social,1,3077,8558,0.3449404066370647,0.95937601559961,0.5074344649763644,2952
CR,baseline,none,social,2,11812,8,1.0,0.0006772773450728074,0.0013536379018612523,8
CR,baseline,none,social,3,1452,0,nan,0.0,nan,0
CR,baseline,none,social,4,0,0,nan,nan,nan,0
CR,hmm_uniform_start,mix=0.25;strength=0.25;alpha=1,task,0,47407,36987,0.9135912617946846,0.7127850317463665,0.8007915254638955,33791
CR,hmm_uniform_start,mix=0.25;strength=0.25;alpha=1,task,1,4384,1374,0.5087336244541485,0.1594434306569343,0.24279263633205975,699
CR,hmm_uniform_start,mix=0.25;strength=0.25;alpha=1,task,2,1298,117,0.0,0.0,nan,0
CR,hmm_uniform_start,mix=0.25;strength=0.25;alpha=1,task,3,12257,26868,0.4247431889236266,0.9310598025618014,0.5833610223642173,11412
CR,hmm_uniform_start,mix=0.25;strength=0.25;alpha=1,social,0,954,8755,0.03872073101085094,0.3553459119496855,0.06983211453290761,339
CR,hmm_uniform_start,mix=0.25;strength=0.25;alpha=1,social,1,3077,8540,0.34613583138173304,0.9606759831004225,0.5089093569768443,2956
CR,hmm_uniform_start,mix=0.25;strength=0.25;alpha=1,social,2,11812,0,nan,0.0,nan,0
CR,hmm_uniform_start,mix=0.25;strength=0.25;alpha=1,social,3,1452,0,nan,0.0,nan,0
CR,hmm_uniform_start,mix=0.25;strength=0.25;alpha=1,social,4,0,0,nan,nan,nan,0
CR,hmm_uniform_start,mix=0.25;strength=0.5;alpha=1,task,0,47407,37110,0.9129884128267314,0.7146834855612041,0.8017558597678573,33881
CR,hmm_uniform_start,mix=0.25;strength=0.5;alpha=1,task,1,4384,1263,0.5273159144893111,0.15191605839416059,0.23587745705684435,666
CR,hmm_uniform_start,mix=0.25;strength=0.5;alpha=1,task,2,1298,108,0.0,0.0,nan,0
CR,hmm_uniform_start,mix=0.25;strength=0.5;alpha=1,task,3,12257,26865,0.4250139586823004,0.9315493187566288,0.5837124891365473,11418
CR,hmm_uniform_start,mix=0.25;strength=0.5;alpha=1,social,0,954,8768,0.038663321167883215,0.3553459119496855,0.06973873688541452,339
CR,hmm_uniform_start,mix=0.25;strength=0.5;alpha=1,social,1,3077,8527,0.3464289902662132,0.9600259993500162,0.509134781109962,2954
CR,hmm_uniform_start,mix=0.25;strength=0.5;alpha=1,social,2,11812,0,nan,0.0,nan,0
CR,hmm_uniform_start,mix=0.25;strength=0.5;alpha=1,social,3,1452,0,nan,0.0,nan,0
CR,hmm_uniform_start,mix=0.25;strength=0.5;alpha=1,social,4,0,0,nan,nan,nan,0
CR,hmm_uniform_start,mix=0.25;strength=1;alpha=1,task,0,47407,37239,0.9116517629367061,0.7161178728879701,0.802140680008506,33949
CR,hmm_uniform_start,mix=0.25;strength=1;alpha=1,task,1,4384,1132,0.5477031802120141,0.14142335766423358,0.2248005801305294,620
CR,hmm_uniform_start,mix=0.25;strength=1;alpha=1,task,2,1298,108,0.0,0.0,nan,0
CR,hmm_uniform_start,mix=0.25;strength=1;alpha=1,task,3,12257,26867,0.4254289649011799,0.9325283511462837,0.5842960842449647,11430
CR,hmm_uniform_start,mix=0.25;strength=1;alpha=1,social,0,954,8762,0.038689796850034236,0.3553459119496855,0.06978180321119802,339
CR,hmm_uniform_start,mix=0.25;strength=1;alpha=1,social,1,3077,8533,0.34489628501113323,0.956451088722782,0.5069767441860465,2943
CR,hmm_uniform_start,mix=0.25;strength=1;alpha=1,social,2,11812,0,nan,0.0,nan,0
CR,hmm_uniform_start,mix=0.25;strength=1;alpha=1,social,3,1452,0,nan,0.0,nan,0
CR,hmm_uniform_start,mix=0.25;strength=1;alpha=1,social,4,0,0,nan,nan,nan,0
CR,hmm_uniform_start,mix=0.25;strength=2;alpha=1,task,0,47407,37486,0.9107933628554661,0.7201890016242327,0.8043537158540751,34142
CR,hmm_uniform_start,mix=0.25;strength=2;alpha=1,task,1,4384,967,0.5977249224405378,0.13184306569343066,0.2160343860960568,578
CR,hmm_uniform_start,mix=0.25;strength=2;alpha=1,task,2,1298,86,0.0,0.0,nan,0
CR,hmm_uniform_start,mix=0.25;strength=2;alpha=1,task,3,12257,26807,0.4276867982243444,0.9353838622827771,0.5869854597583454,11465
CR,hmm_uniform_start,mix=0.25;strength=2;alpha=1,social,0,954,8847,0.03831807392336385,0.3553459119496855,0.0691766146311601,339
CR,hmm_uniform_start,mix=0.25;strength=2;alpha=1,social,1,3077,8448,0.3494318181818182,0.95937601559961,0.5122776572668113,2952
CR,hmm_uniform_start,mix=0.25;strength=2;alpha=1,social,2,11812,0,nan,0.0,nan,0
CR,hmm_uniform_start,mix=0.25;strength=2;alpha=1,social,3,1452,0,nan,0.0,nan,0
CR,hmm_uniform_start,mix=0.25;strength=2;alpha=1,social,4,0,0,nan,nan,nan,0
CR,hmm_uniform_start,mix=0.25;strength=4;alpha=1,task,0,47407,37387,0.9122689704977666,0.7194507140295737,0.8044672972144256,34107
CR,hmm_uniform_start,mix=0.25;strength=4;alpha=1,task,1,4384,959,0.6590198123044838,0.14416058394160583,0.23657121467340445,632
CR,hmm_uniform_start,mix=0.25;strength=4;alpha=1,task,2,1298,78,0.0,0.0,nan,0
CR,hmm_uniform_start,mix=0.25;strength=4;alpha=1,task,3,12257,26922,0.42719708788351535,0.9383209594517419,0.587100232267286,11501
CR,hmm_uniform_start,mix=0.25;strength=4;alpha=1,social,0,954,8871,0.038214406493067295,0.3553459119496855,0.06900763358778625,339
CR,hmm_uniform_start,mix=0.25;strength=4;alpha=1,social,1,3077,8424,0.35529439696106363,0.972700682482938,0.5204764803060603,2993
CR,hmm_uniform_start,mix=0.25;strength=4;alpha=1,social,2,11812,0,nan,0.0,nan,0
CR,hmm_uniform_start,mix=0.25;strength=4;alpha=1,social,3,1452,0,nan,0.0,nan,0
CR,hmm_uniform_start,mix=0.25;strength=4;alpha=1,social,4,0,0,nan,nan,nan,0
CR,hmm_uniform_start,mix=0.25;strength=8;alpha=1,task,0,47407,38217,0.9101970327341236,0.7337523994346826,0.8125058394842568,34785
CR,hmm_uniform_start,mix=0.25;strength=8;alpha=1,task,1,4384,762,0.6824146981627297,0.11861313868613138,0.20209871745044694,520
CR,hmm_uniform_start,mix=0.25;strength=8;alpha=1,task,2,1298,0,nan,0.0,nan,0
CR,hmm_uniform_start,mix=0.25;strength=8;alpha=1,task,3,12257,26367,0.4353168733644328,0.9364444807049033,0.5943454846727424,11478
CR,hmm_uniform_start,mix=0.25;strength=8;alpha=1,social,0,954,8876,0.035038305543037405,0.3259958071278826,0.06327568667344863,311
CR,hmm_uniform_start,mix=0.25;strength=8;alpha=1,social,1,3077,8419,0.3555054044423328,0.972700682482938,0.5207028531663187,2993
CR,hmm_uniform_start,mix=0.25;strength=8;alpha=1,social,2,11812,0,nan,0.0,nan,0
CR,hmm_uniform_start,mix=0.25;strength=8;alpha=1,social,3,1452,0,nan,0.0,nan,0
CR,hmm_uniform_start,mix=0.25;strength=8;alpha=1,social,4,0,0,nan,nan,nan,0
CR,hmm_uniform_start,mix=0.25;strength=12;alpha=1,task,0,47407,38379,0.9113317178665415,0.7377813403083933,0.8154244282283821,34976
CR,hmm_uniform_start,mix=0.25;strength=12;alpha=1,task,1,4384,693,0.733044733044733,0.11587591240875912,0.20011818002757534,508
CR,hmm_uniform_start,mix=0.25;strength=12;alpha=1,task,2,1298,0,nan,0.0,nan,0
CR,hmm_uniform_start,mix=0.25;strength=12;alpha=1,task,3,12257,26274,0.4384182081144858,0.9397895080362242,0.5979081778308374,11519
CR,hmm_uniform_start,mix=0.25;strength=12;alpha=1,social,0,954,9092,0.03420589529256489,0.3259958071278826,0.06191519012542305,311
CR,hmm_uniform_start,mix=0.25;strength=12;alpha=1,social,1,3077,8203,0.3688894306960868,0.9834254143646409,0.5365248226950354,3026
CR,hmm_uniform_start,mix=0.25;strength=12;alpha=1,social,2,11812,0,nan,0.0,nan,0
CR,hmm_uniform_start,mix=0.25;strength=12;alpha=1,social,3,1452,0,nan,0.0,nan,0
CR,hmm_uniform_start,mix=0.25;strength=12;alpha=1,social,4,0,0,nan,nan,nan,0
CR,hmm_uniform_start,mix=0.5;strength=0.25;alpha=1,task,0,47407,37090,0.9129414936640604,0.7142616069356846,0.8014722416180455,33861
CR,hmm_uniform_start,mix=0.5;strength=0.25;alpha=1,task,1,4384,1289,0.5228859581070597,0.15374087591240876,0.23761678124449145,674
CR,hmm_uniform_start,mix=0.5;strength=0.25;alpha=1,task,2,1298,108,0.0,0.0,nan,0
CR,hmm_uniform_start,mix=0.5;strength=0.25;alpha=1,task,3,12257,26859,0.4251089020440076,0.9315493187566288,0.5838020247469067,11418
CR,hmm_uniform_start,mix=0.5;strength=0.25;alpha=1,social,0,954,8772,0.03864569083447333,0.3553459119496855,0.06971005552128316,339
CR,hmm_uniform_start,mix=0.5;strength=0.25;alpha=1,social,1,3077,8523,0.3465915757362431,0.9600259993500162,0.5093103448275862,2954
CR,hmm_uniform_start,mix=0.5;strength=0.25;alpha=1,social,2,11812,0,nan,0.0,nan,0
CR,hmm_uniform_start,mix=0.5;strength=0.25;alpha=1,social,3,1452,0,nan,0.0,nan,0
CR,hmm_uniform_start,mix=0.5;strength=0.25;alpha=1,social,4,0,0,nan,nan,nan,0
CR,hmm_uniform_start,mix=0.5;strength=0.5;alpha=1,task,0,47407,37211,0.9115852839214211,0.7155272428122429,0.8017443097213358,33921
CR,hmm_uniform_start,mix=0.5;strength=0.5;alpha=1,task,1,4384,1143,0.5424321959755031,0.14142335766423358,0.22435317532115073,620
CR,hmm_uniform_start,mix=0.5;strength=0.5;alpha=1,task,2,1298,108,0.0,0.0,nan,0
CR,hmm_uniform_start,mix=0.5;strength=0.5;alpha=1,task,3,12257,26884,0.4251599464365422,0.9325283511462837,0.5840423085766843,11430
CR,hmm_uniform_start,mix=0.5;strength=0.5;alpha=1,social,0,954,8760,0.0386986301369863,0.3553459119496855,0.06979617047560223,339
CR,hmm_uniform_start,mix=0.5;strength=0.5;alpha=1,social,1,3077,8535,0.34481546572934973,0.956451088722782,0.5068894247330348,2943
CR,hmm_uniform_start,mix=0.5;strength=0.5;alpha=1,social,2,11812,0,nan,0.0,nan,0
CR,hmm_uniform_start,mix=0.5;strength=0.5;alpha=1,social,3,1452,0,nan,0.0,nan,0
CR,hmm_uniform_start,mix=0.5;strength=0.5;alpha=1,social,4,0,0,nan,nan,nan,0
CR,hmm_uniform_start,mix=0.5;strength=1;alpha=1,task,0,47407,37449,0.9107052257737189,0.7194085261670218,0.8038323748467993,34105
CR,hmm_uniform_start,mix=0.5;strength=1;alpha=1,task,1,4384,991,0.5832492431886983,0.13184306569343066,0.21506976744186046,578
CR,hmm_uniform_start,mix=0.5;strength=1;alpha=1,task,2,1298,86,0.0,0.0,nan,0
CR,hmm_uniform_start,mix=0.5;strength=1;alpha=1,task,3,12257,26820,0.4274794929157345,0.9353838622827771,0.5867901834838907,11465
CR,hmm_uniform_start,mix=0.5;strength=1;alpha=1,social,0,954,8832,0.03838315217391304,0.3553459119496855,0.06928264868179031,339
CR,hmm_uniform_start,mix=0.5;strength=1;alpha=1,social,1,3077,8463,0.3488124778447359,0.95937601559961,0.5116117850953206,2952
CR,hmm_uniform_start,mix=0.5;strength=1;alpha=1,social,2,11812,0,nan,0.0,nan,0
CR,hmm_uniform_start,mix=0.5;strength=1;alpha=1,social,3,1452,0,nan,0.0,nan,0
CR,hmm_uniform_start,mix=0.5;strength=1;alpha=1,social,4,0,0,nan,nan,nan,0
CR,hmm_uniform_start,mix=0.5;strength=2;alpha=1,task,0,47407,37449,0.9115597212208604,0.7200835319678528,0.8045865937588386,34137
CR,hmm_uniform_start,mix=0.5;strength=2;alpha=1,task,1,4384,959,0.6590198123044838,0.14416058394160583,0.23657121467340445,632
CR,hmm_uniform_start,mix=0.5;strength=2;alpha=1,task,2,1298,97,0.0,0.0,nan,0
CR,hmm_uniform_start,mix=0.5;strength=2;alpha=1,task,3,12257,26841,0.4278529115904773,0.9369339968997308,0.5874469282316231,11484
CR,hmm_uniform_start,mix=0.5;strength=2;alpha=1,social,0,954,8870,0.03821871476888388,0.3553459119496855,0.06901465798045603,339
CR,hmm_uniform_start,mix=0.5;strength=2;alpha=1,social,1,3077,8425,0.3552522255192878,0.972700682482938,0.5204312293514172,2993
CR,hmm_uniform_start,mix=0.5;strength=2;alpha=1,social,2,11812,0,nan,0.0,nan,0
CR,hmm_uniform_start,mix=0.5;strength=2;alpha=1,social,3,1452,0,nan,0.0,nan,0
CR,hmm_uniform_start,mix=0.5;strength=2;alpha=1,social,4,0,0,nan,nan,nan,0
CR,hmm_uniform_start,mix=0.5;strength=4;alpha=1,task,0,47407,38092,0.9099023416990444,0.7311156580251862,0.8107697166048725,34660
CR,hmm_uniform_start,mix=0.5;strength=4;alpha=1,task,1,4384,762,0.6824146981627297,0.11861313868613138,0.20209871745044694,520
CR,hmm_uniform_start,mix=0.5;strength=4;alpha=1,task,2,1298,0,nan,0.0,nan,0
CR,hmm_uniform_start,mix=0.5;strength=4;alpha=1,task,3,12257,26492,0.43326287181035783,0.9364444807049033,0.5924281916952696,11478
CR,hmm_uniform_start,mix=0.5;strength=4;alpha=1,social,0,954,8853,0.03512933468880605,0.3259958071278826,0.06342408483736107,311
CR,hmm_uniform_start,mix=0.5;strength=4;alpha=1,social,1,3077,8442,0.3545368396114665,0.972700682482938,0.519663165205313,2993
CR,hmm_uniform_start,mix=0.5;strength=4;alpha=1,social,2,11812,0,nan,0.0,nan,0
CR,hmm_uniform_start,mix=0.5;strength=4;alpha=1,social,3,1452,0,nan,0.0,nan,0
CR,hmm_uniform_start,mix=0.5;strength=4;alpha=1,social,4,0,0,nan,nan,nan,0
CR,hmm_uniform_start,mix=0.5;strength=8;alpha=1,task,0,47407,38466,0.9121041959132741,0.7400805788174742,0.8171369347757735,35085
CR,hmm_uniform_start,mix=0.5;strength=8;alpha=1,task,1,4384,634,0.7523659305993691,0.10880474452554745,0.19011558389796732,477
CR,hmm_uniform_start,mix=0.5;strength=8;alpha=1,task,2,1298,0,nan,0.0,nan,0
CR,hmm_uniform_start,mix=0.5;strength=8;alpha=1,task,3,12257,26246,0.44181970585994057,0.9460716325365097,0.6023426745967847,11596
CR,hmm_uniform_start,mix=0.5;strength=8;alpha=1,social,0,954,9084,0.03423601937472479,0.3259958071278826,0.06196453476788205,311
CR,hmm_uniform_start,mix=0.5;strength=8;alpha=1,social,1,3077,8211,0.36853002070393376,0.9834254143646409,0.536144578313253,3026
CR,hmm_uniform_start,mix=0.5;strength=8;alpha=1,social,2,11812,0,nan,0.0,nan,0
CR,hmm_uniform_start,mix=0.5;strength=8;alpha=1,social,3,1452,0,nan,0.0,nan,0
CR,hmm_uniform_start,mix=0.5;strength=8;alpha=1,social,4,0,0,nan,nan,nan,0
CR,hmm_uniform_start,mix=0.5;strength=12;alpha=1,task,0,47407,38377,0.9156265471506371,0.7412196511063767,0.8192436818054649,35139
CR,hmm_uniform_start,mix=0.5;strength=12;alpha=1,task,1,4384,595,0.8,0.10857664233576643,0.1912030528218518,476
CR,hmm_uniform_start,mix=0.5;strength=12;alpha=1,task,2,1298,0,nan,0.0,nan,0
CR,hmm_uniform_start,mix=0.5;strength=12;alpha=1,task,3,12257,26374,0.4486994767574126,0.965489108264665,0.6126685822267092,11834
CR,hmm_uniform_start,mix=0.5;strength=12;alpha=1,social,0,954,9024,0.034463652482269506,0.3259958071278826,0.06233714171176589,311
CR,hmm_uniform_start,mix=0.5;strength=12;alpha=1,social,1,3077,8271,0.37202273002055375,1.0,0.5422982023264011,3077
CR,hmm_uniform_start,mix=0.5;strength=12;alpha=1,social,2,11812,0,nan,0.0,nan,0
CR,hmm_uniform_start,mix=0.5;strength=12;alpha=1,social,3,1452,0,nan,0.0,nan,0
CR,hmm_uniform_start,mix=0.5;strength=12;alpha=1,social,4,0,0,nan,nan,nan,0
CR,hmm_uniform_start,mix=0.75;strength=0.25;alpha=1,task,0,47407,37176,0.911824833225737,0.7150420823928956,0.8015322227870849,33898
CR,hmm_uniform_start,mix=0.75;strength=0.25;alpha=1,task,1,4384,1179,0.536047497879559,0.14416058394160583,0.22721553118820778,632
CR,hmm_uniform_start,mix=0.75;strength=0.25;alpha=1,task,2,1298,108,0.0,0.0,nan,0
CR,hmm_uniform_start,mix=0.75;strength=0.25;alpha=1,task,3,12257,26883,0.4248409775694677,0.9317940768540426,0.5835973428717425,11421
CR,hmm_uniform_start,mix=0.75;strength=0.25;alpha=1,social,0,954,8755,0.03872073101085094,0.3553459119496855,0.06983211453290761,339
CR,hmm_uniform_start,mix=0.75;strength=0.25;alpha=1,social,1,3077,8540,0.3446135831381733,0.956451088722782,0.506671257639666,2943
CR,hmm_uniform_start,mix=0.75;strength=0.25;alpha=1,social,2,11812,0,nan,0.0,nan,0
CR,hmm_uniform_start,mix=0.75;strength=0.25;alpha=1,social,3,1452,0,nan,0.0,nan,0
CR,hmm_uniform_start,mix=0.75;strength=0.25;alpha=1,social,4,0,0,nan,nan,nan,0
CR,hmm_uniform_start,mix=0.75;strength=0.5;alpha=1,task,0,47407,37304,0.9122078061333905,0.7178053873900478,0.8034139604065588,34029
CR,hmm_uniform_start,mix=0.75;strength=0.5;alpha=1,task,1,4384,1083,0.5835641735918744,0.14416058394160583,0.23120541430400585,632
CR,hmm_uniform_start,mix=0.75;strength=0.5;alpha=1,task,2,1298,86,0.0,0.0,nan,0
CR,hmm_uniform_start,mix=0.75;strength=0.5;alpha=1,task,3,12257,26873,0.42663640084843524,0.9353838622827771,0.5859953999488883,11465
CR,hmm_uniform_start,mix=0.75;strength=0.5;alpha=1,social,0,954,8830,0.03839184597961495,0.3553459119496855,0.06929681112019626,339
CR,hmm_uniform_start,mix=0.75;strength=0.5;alpha=1,social,1,3077,8465,0.34873006497341996,0.95937601559961,0.5115231329059089,2952
CR,hmm_uniform_start,mix=0.75;strength=0.5;alpha=1,social,2,11812,0,nan,0.0,nan,0
CR,hmm_uniform_start,mix=0.75;strength=0.5;alpha=1,social,3,1452,0,nan,0.0,nan,0
CR,hmm_uniform_start,mix=0.75;strength=0.5;alpha=1,social,4,0,0,nan,nan,nan,0
CR,hmm_uniform_start,mix=0.75;strength=1;alpha=1,task,0,47407,37463,0.9115927715345807,0.7203788470057164,0.8047837869683044,34151
CR,hmm_uniform_start,mix=0.75;strength=1;alpha=1,task,1,4384,959,0.6590198123044838,0.14416058394160583,0.23657121467340445,632
CR,hmm_uniform_start,mix=0.75;strength=1;alpha=1,task,2,1298,97,0.0,0.0,nan,0
CR,hmm_uniform_start,mix=0.75;strength=1;alpha=1,task,3,12257,26827,0.428076191896224,0.9369339968997308,0.5876573533926926,11484
CR,hmm_uniform_start,mix=0.75;strength=1;alpha=1,social,0,954,8805,0.03850085178875639,0.3553459119496855,0.06947433138641254,339
CR,hmm_uniform_start,mix=0.75;strength=1;alpha=1,social,1,3077,8490,0.3525323910482921,0.972700682482938,0.517506700095098,2993
CR,hmm_uniform_start,mix=0.75;strength=1;alpha=1,social,2,11812,0,nan,0.0,nan,0
CR,hmm_uniform_start,mix=0.75;strength=1;alpha=1,social,3,1452,0,nan,0.0,nan,0
CR,hmm_uniform_start,mix=0.75;strength=1;alpha=1,social,4,0,0,nan,nan,nan,0
CR,hmm_uniform_start,mix=0.75;strength=2;alpha=1,task,0,47407,37852,0.9107841065201311,0.7272132807391314,0.8087122767097903,34475
CR,hmm_uniform_start,mix=0.75;strength=2;alpha=1,task,1,4384,855,0.7169590643274854,0.13982664233576642,0.23401412483298337,613
CR,hmm_uniform_start,mix=0.75;strength=2;alpha=1,task,2,1298,78,0.0,0.0,nan,0
CR,hmm_uniform_start,mix=0.75;strength=2;alpha=1,task,3,12257,26561,0.4321373442264975,0.9364444807049033,0.5913751352465351,11478
CR,hmm_uniform_start,mix=0.75;strength=2;alpha=1,social,0,954,8808,0.03848773841961853,0.3553459119496855,0.06945298094652734,339
CR,hmm_uniform_start,mix=0.75;strength=2;alpha=1,social,1,3077,8487,0.3526570048309179,0.972700682482938,0.5176409546869595,2993
CR,hmm_uniform_start,mix=0.75;strength=2;alpha=1,social,2,11812,0,nan,0.0,nan,0
CR,hmm_uniform_start,mix=0.75;strength=2;alpha=1,social,3,1452,0,nan,0.0,nan,0
CR,hmm_uniform_start,mix=0.75;strength=2;alpha=1,social,4,0,0,nan,nan,nan,0
CR,hmm_uniform_start,mix=0.75;strength=4;alpha=1,task,0,47407,38369,0.9113346712189528,0.7375914949269096,0.815309643723186,34967
CR,hmm_uniform_start,mix=0.75;strength=4;alpha=1,task,1,4384,693,0.7344877344877345,0.11610401459854014,0.20051211345282646,509
CR,hmm_uniform_start,mix=0.75;strength=4;alpha=1,task,2,1298,0,nan,0.0,nan,0
CR,hmm_uniform_start,mix=0.75;strength=4;alpha=1,task,3,12257,26284,0.4382514077005022,0.9397895080362242,0.5977530422147842,11519
CR,hmm_uniform_start,mix=0.75;strength=4;alpha=1,social,0,954,9089,0.034217185608977886,0.3259958071278826,0.06193368515383849,311
CR,hmm_uniform_start,mix=0.75;strength=4;alpha=1,social,1,3077,8206,0.36875456982695587,0.9834254143646409,0.536382167863157,3026
CR,hmm_uniform_start,mix=0.75;strength=4;alpha=1,social,2,11812,0,nan,0.0,nan,0
CR,hmm_uniform_start,mix=0.75;strength=4;alpha=1,social,3,1452,0,nan,0.0,nan,0
CR,hmm_uniform_start,mix=0.75;strength=4;alpha=1,social,4,0,0,nan,nan,nan,0
CR,hmm_uniform_start,mix=0.75;strength=8;alpha=1,task,0,47407,38237,0.9153437769699506,0.7382875946590166,0.8173368829106534,35000
CR,hmm_uniform_start,mix=0.75;strength=8;alpha=1,task,1,4384,596,0.8003355704697986,0.10880474452554745,0.191566265060241,477
CR,hmm_uniform_start,mix=0.75;strength=8;alpha=1,task,2,1298,0,nan,0.0,nan,0
CR,hmm_uniform_start,mix=0.75;strength=8;alpha=1,task,3,12257,26513,0.4463470750198016,0.965489108264665,0.6104720144441579,11834
CR,hmm_uniform_start,mix=0.75;strength=8;alpha=1,social,0,954,9076,0.034266196562362274,0.3259958071278826,0.062013958125623124,311
CR,hmm_uniform_start,mix=0.75;strength=8;alpha=1,social,1,3077,8219,0.37437644482297117,1.0,0.5447946175637394,3077
CR,hmm_uniform_start,mix=0.75;strength=8;alpha=1,social,2,11812,0,nan,0.0,nan,0
CR,hmm_uniform_start,mix=0.75;strength=8;alpha=1,social,3,1452,0,nan,0.0,nan,0
CR,hmm_uniform_start,mix=0.75;strength=8;alpha=1,social,4,0,0,nan,nan,nan,0
CR,hmm_uniform_start,mix=0.75;strength=12;alpha=1,task,0,47407,38837,0.9116564101243659,0.7468517307570612,0.8210658132739669,35406
CR,hmm_uniform_start,mix=0.75;strength=12;alpha=1,task,1,4384,354,0.827683615819209,0.06683394160583941,0.12368087800759814,293
CR,hmm_uniform_start,mix=0.75;strength=12;alpha=1,task,2,1298,0,nan,0.0,nan,0
CR,hmm_uniform_start,mix=0.75;strength=12;alpha=1,task,3,12257,26155,0.4541387879946473,0.9690788936933997,0.6184525669061751,11878
CR,hmm_uniform_start,mix=0.75;strength=12;alpha=1,social,0,954,9045,0.03438363736871199,0.3259958071278826,0.06220622062206221,311
CR,hmm_uniform_start,mix=0.75;strength=12;alpha=1,social,1,3077,8250,0.37296969696969695,1.0,0.5433036108413525,3077
CR,hmm_uniform_start,mix=0.75;strength=12;alpha=1,social,2,11812,0,nan,0.0,nan,0
CR,hmm_uniform_start,mix=0.75;strength=12;alpha=1,social,3,1452,0,nan,0.0,nan,0
CR,hmm_uniform_start,mix=0.75;strength=12;alpha=1,social,4,0,0,nan,nan,nan,0
CR,hmm_uniform_start,mix=1;strength=0.25;alpha=1,task,0,47407,37413,0.9105391174190789,0.7185858628472589,0.8032539495402028,34066
CR,hmm_uniform_start,mix=1;strength=0.25;alpha=1,task,1,4384,913,0.6352683461117196,0.1322992700729927,0.21899188219747023,580
CR,hmm_uniform_start,mix=1;strength=0.25;alpha=1,task,2,1298,86,0.0,0.0,nan,0
CR,hmm_uniform_start,mix=1;strength=0.25;alpha=1,task,3,12257,26934,0.425967179030222,0.9360365505425471,0.5854915669413896,11473
CR,hmm_uniform_start,mix=1;strength=0.25;alpha=1,social,0,954,8835,0.03837011884550085,0.3553459119496855,0.0692614158749617,339
CR,hmm_uniform_start,mix=1;strength=0.25;alpha=1,social,1,3077,8460,0.34893617021276596,0.95937601559961,0.5117448210106613,2952
CR,hmm_uniform_start,mix=1;strength=0.25;alpha=1,social,2,11812,0,nan,0.0,nan,0
CR,hmm_uniform_start,mix=1;strength=0.25;alpha=1,social,3,1452,0,nan,0.0,nan,0
CR,hmm_uniform_start,mix=1;strength=0.25;alpha=1,social,4,0,0,nan,nan,nan,0
CR,hmm_uniform_start,mix=1;strength=0.5;alpha=1,task,0,47407,37485,0.9106309190342804,0.7200413441053009,0.8041982754558733,34135
CR,hmm_uniform_start,mix=1;strength=0.5;alpha=1,task,1,4384,876,0.6997716894977168,0.13982664233576642,0.23307984790874525,613
CR,hmm_uniform_start,mix=1;strength=0.5;alpha=1,task,2,1298,78,0.0,0.0,nan,0
CR,hmm_uniform_start,mix=1;strength=0.5;alpha=1,task,3,12257,26907,0.42658044375069687,0.9364444807049033,0.5861505464201818,11478
CR,hmm_uniform_start,mix=1;strength=0.5;alpha=1,social,0,954,8885,0.0381541924592009,0.3553459119496855,0.0689094420164651,339
CR,hmm_uniform_start,mix=1;strength=0.5;alpha=1,social,1,3077,8410,0.3558858501783591,0.972700682482938,0.5211108209280055,2993
CR,hmm_uniform_start,mix=1;strength=0.5;alpha=1,social,2,11812,0,nan,0.0,nan,0
CR,hmm_uniform_start,mix=1;strength=0.5;alpha=1,social,3,1452,0,nan,0.0,nan,0
CR,hmm_uniform_start,mix=1;strength=0.5;alpha=1,social,4,0,0,nan,nan,nan,0
CR,hmm_uniform_start,mix=1;strength=1;alpha=1,task,0,47407,38102,0.9099259881371057,0.7313265973379459,0.8109087932264439,34670
CR,hmm_uniform_start,mix=1;strength=1;alpha=1,task,1,4384,762,0.6824146981627297,0.11861313868613138,0.20209871745044694,520
CR,hmm_uniform_start,mix=1;strength=1;alpha=1,task,2,1298,0,nan,0.0,nan,0
CR,hmm_uniform_start,mix=1;strength=1;alpha=1,task,3,12257,26482,0.4334264783626614,0.9364444807049033,0.5925811198017502,11478
CR,hmm_uniform_start,mix=1;strength=1;alpha=1,social,0,954,8930,0.03482642777155655,0.3259958071278826,0.06292998785916633,311
CR,hmm_uniform_start,mix=1;strength=1;alpha=1,social,1,3077,8365,0.35780035863717874,0.972700682482938,0.5231602866631708,2993
CR,hmm_uniform_start,mix=1;strength=1;alpha=1,social,2,11812,0,nan,0.0,nan,0
CR,hmm_uniform_start,mix=1;strength=1;alpha=1,social,3,1452,0,nan,0.0,nan,0
CR,hmm_uniform_start,mix=1;strength=1;alpha=1,social,4,0,0,nan,nan,nan,0
CR,hmm_uniform_start,mix=1;strength=2;alpha=1,task,0,47407,38235,0.9126454818883222,0.7360727318750395,0.814903902290932,34895
CR,hmm_uniform_start,mix=1;strength=2;alpha=1,task,1,4384,634,0.7539432176656151,0.10903284671532847,0.19051414906337188,478
CR,hmm_uniform_start,mix=1;strength=2;alpha=1,task,2,1298,0,nan,0.0,nan,0
CR,hmm_uniform_start,mix=1;strength=2;alpha=1,task,3,12257,26477,0.44196850096310003,0.9547197519784613,0.6042236794547426,11702
CR,hmm_uniform_start,mix=1;strength=2;alpha=1,social,0,954,9080,0.0342511013215859,0.3259958071278826,0.061989236595575044,311
CR,hmm_uniform_start,mix=1;strength=2;alpha=1,social,1,3077,8215,0.36835057821059036,0.9834254143646409,0.5359546581650726,3026
CR,hmm_uniform_start,mix=1;strength=2;alpha=1,social,2,11812,0,nan,0.0,nan,0
CR,hmm_uniform_start,mix=1;strength=2;alpha=1,social,3,1452,0,nan,0.0,nan,0
CR,hmm_uniform_start,mix=1;strength=2;alpha=1,social,4,0,0,nan,nan,nan,0
CR,hmm_uniform_start,mix=1;strength=4;alpha=1,task,0,47407,38690,0.9100025846471956,0.7426751323644187,0.8178682184048225,35208
CR,hmm_uniform_start,mix=1;strength=4;alpha=1,task,1,4384,294,1.0,0.06706204379562043,0.12569474134245404,294
CR,hmm_uniform_start,mix=1;strength=4;alpha=1,task,2,1298,0,nan,0.0,nan,0
CR,hmm_uniform_start,mix=1;strength=4;alpha=1,task,3,12257,26362,0.45091419467415217,0.9698131679856409,0.6156037183769647,11887
CR,hmm_uniform_start,mix=1;strength=4;alpha=1,social,0,954,8935,0.03480693900391718,0.3259958071278826,0.0628981696834867,311
CR,hmm_uniform_start,mix=1;strength=4;alpha=1,social,1,3077,8360,0.3680622009569378,1.0,0.5380781673515782,3077
CR,hmm_uniform_start,mix=1;strength=4;alpha=1,social,2,11812,0,nan,0.0,nan,0
CR,hmm_uniform_start,mix=1;strength=4;alpha=1,social,3,1452,0,nan,0.0,nan,0
CR,hmm_uniform_start,mix=1;strength=4;alpha=1,social,4,0,0,nan,nan,nan,0
CR,hmm_uniform_start,mix=1;strength=8;alpha=1,task,0,47407,39525,0.900695762175838,0.7509439534245997,0.8190309667326185,35600
CR,hmm_uniform_start,mix=1;strength=8;alpha=1,task,1,4384,0,nan,0.0,nan,0
CR,hmm_uniform_start,mix=1;strength=8;alpha=1,task,2,1298,0,nan,0.0,nan,0
CR,hmm_uniform_start,mix=1;strength=8;alpha=1,task,3,12257,25821,0.46036172107974127,0.9698131679856409,0.6243500183833184,11887
CR,hmm_uniform_start,mix=1;strength=8;alpha=1,social,0,954,8924,0.03484984311967727,0.3259958071278826,0.06296821218870217,311
CR,hmm_uniform_start,mix=1;strength=8;alpha=1,social,1,3077,8371,0.3675785449767053,1.0,0.5375611460517121,3077
CR,hmm_uniform_start,mix=1;strength=8;alpha=1,social,2,11812,0,nan,0.0,nan,0
CR,hmm_uniform_start,mix=1;strength=8;alpha=1,social,3,1452,0,nan,0.0,nan,0
CR,hmm_uniform_start,mix=1;strength=8;alpha=1,social,4,0,0,nan,nan,nan,0
CR,hmm_uniform_start,mix=1;strength=12;alpha=1,task,0,47407,40035,0.9019358061696016,0.7616807644440694,0.8258960225063471,36109
CR,hmm_uniform_start,mix=1;strength=12;alpha=1,task,1,4384,0,nan,0.0,nan,0
CR,hmm_uniform_start,mix=1;strength=12;alpha=1,task,2,1298,0,nan,0.0,nan,0
CR,hmm_uniform_start,mix=1;strength=12;alpha=1,task,3,12257,25311,0.46959819841175776,0.9697315819531697,0.6327725724020443,11886
CR,hmm_uniform_start,mix=1;strength=12;alpha=1,social,0,954,8615,0.036099825885084154,0.3259958071278826,0.06500156756191869,311
CR,hmm_uniform_start,mix=1;strength=12;alpha=1,social,1,3077,8680,0.35449308755760367,1.0,0.5234328485157779,3077
CR,hmm_uniform_start,mix=1;strength=12;alpha=1,social,2,11812,0,nan,0.0,nan,0
CR,hmm_uniform_start,mix=1;strength=12;alpha=1,social,3,1452,0,nan,0.0,nan,0
CR,hmm_uniform_start,mix=1;strength=12;alpha=1,social,4,0,0,nan,nan,nan,0
